actual_model,assumed_model,truth_azimuth_deg,truth_elevation_deg,estimated_azimuth_deg,estimated_elevation_deg,score,azimuth_error_deg,elevation_error_deg
ideal_half_lambda,ideal_half_lambda,-60.0,-20.0,-60.0,-20.0,1.0000000000000004,0.0,0.0
ideal_half_lambda,ideal_half_lambda,-40.0,-20.0,-40.0,-20.0,0.9999999999999996,0.0,0.0
ideal_half_lambda,ideal_half_lambda,-20.0,-20.0,-20.0,-20.0,1.0,0.0,0.0
ideal_half_lambda,ideal_half_lambda,0.0,-20.0,0.0,-20.0,0.9999999999999996,0.0,0.0
ideal_half_lambda,ideal_half_lambda,20.0,-20.0,20.0,-20.0,1.0,0.0,0.0
ideal_half_lambda,ideal_half_lambda,40.0,-20.0,40.0,-20.0,1.0,0.0,0.0
ideal_half_lambda,ideal_half_lambda,60.0,-20.0,60.0,-20.0,1.0000000000000004,0.0,0.0
ideal_half_lambda,ideal_half_lambda,-60.0,-10.0,-60.0,-10.0,1.0,0.0,0.0
ideal_half_lambda,ideal_half_lambda,-40.0,-10.0,-40.0,-10.0,1.0000000000000004,0.0,0.0
ideal_half_lambda,ideal_half_lambda,-20.0,-10.0,-20.0,-10.0,1.0,0.0,0.0
ideal_half_lambda,ideal_half_lambda,0.0,-10.0,0.0,-10.0,0.9999999999999998,0.0,0.0
ideal_half_lambda,ideal_half_lambda,20.0,-10.0,20.0,-10.0,1.0,0.0,0.0
ideal_half_lambda,ideal_half_lambda,40.0,-10.0,40.0,-10.0,1.0,0.0,0.0
ideal_half_lambda,ideal_half_lambda,60.0,-10.0,60.0,-10.0,0.9999999999999996,0.0,0.0
ideal_half_lambda,ideal_half_lambda,-60.0,0.0,-60.0,0.0,1.0,0.0,0.0
ideal_half_lambda,ideal_half_lambda,-40.0,0.0,-40.0,0.0,1.0,0.0,0.0
ideal_half_lambda,ideal_half_lambda,-20.0,0.0,-20.0,0.0,0.9999999999999996,0.0,0.0
ideal_half_lambda,ideal_half_lambda,0.0,0.0,0.0,0.0,1.0,0.0,0.0
ideal_half_lambda,ideal_half_lambda,20.0,0.0,20.0,0.0,1.0,0.0,0.0
ideal_half_lambda,ideal_half_lambda,40.0,0.0,40.0,0.0,0.9999999999999998,0.0,0.0
ideal_half_lambda,ideal_half_lambda,60.0,0.0,60.0,0.0,0.9999999999999996,0.0,0.0
ideal_half_lambda,ideal_half_lambda,-60.0,10.0,-60.0,10.0,1.0,0.0,0.0
ideal_half_lambda,ideal_half_lambda,-40.0,10.0,-40.0,10.0,1.0,0.0,0.0
ideal_half_lambda,ideal_half_lambda,-20.0,10.0,-20.0,10.0,1.0,0.0,0.0
ideal_half_lambda,ideal_half_lambda,0.0,10.0,0.0,10.0,1.0,0.0,0.0
ideal_half_lambda,ideal_half_lambda,20.0,10.0,20.0,10.0,1.0,0.0,0.0
ideal_half_lambda,ideal_half_lambda,40.0,10.0,40.0,10.0,0.9999999999999996,0.0,0.0
ideal_half_lambda,ideal_half_lambda,60.0,10.0,60.0,10.0,0.9999999999999996,0.0,0.0
ideal_half_lambda,ideal_half_lambda,-60.0,20.0,-60.0,20.0,1.0,0.0,0.0
ideal_half_lambda,ideal_half_lambda,-40.0,20.0,-40.0,20.0,1.0,0.0,0.0
ideal_half_lambda,ideal_half_lambda,-20.0,20.0,-20.0,20.0,1.0,0.0,0.0
ideal_half_lambda,ideal_half_lambda,0.0,20.0,0.0,20.0,1.0,0.0,0.0
ideal_half_lambda,ideal_half_lambda,20.0,20.0,20.0,20.0,1.0,0.0,0.0
ideal_half_lambda,ideal_half_lambda,40.0,20.0,40.0,20.0,1.0,0.0,0.0
ideal_half_lambda,ideal_half_lambda,60.0,20.0,60.0,20.0,1.0000000000000004,0.0,0.0
ideal_half_lambda,cfg_candidate,-60.0,-20.0,-18.0,3.0,0.7460449462387255,42.0,23.0
ideal_half_lambda,cfg_candidate,-40.0,-20.0,-14.0,3.0,0.743340861335506,26.0,23.0
ideal_half_lambda,cfg_candidate,-20.0,-20.0,-9.0,3.0,0.5524227790340221,11.0,23.0
ideal_half_lambda,cfg_candidate,0.0,-20.0,-30.0,20.0,0.562527337835684,-30.0,40.0
ideal_half_lambda,cfg_candidate,20.0,-20.0,-23.0,20.0,0.6901797564730306,-43.0,40.0
ideal_half_lambda,cfg_candidate,40.0,-20.0,-17.0,20.0,0.5897402905127833,-57.0,40.0
ideal_half_lambda,cfg_candidate,60.0,-20.0,-26.0,4.0,0.48667004903966093,-86.0,24.0
ideal_half_lambda,cfg_candidate,-60.0,-10.0,-17.0,1.0,0.5784582260446952,43.0,11.0
ideal_half_lambda,cfg_candidate,-40.0,-10.0,-13.0,1.0,0.8087769349525412,27.0,11.0
ideal_half_lambda,cfg_candidate,-20.0,-10.0,-8.0,2.0,0.9281006485771139,12.0,12.0
ideal_half_lambda,cfg_candidate,0.0,-10.0,-1.0,1.0,0.714532937219135,-1.0,11.0
ideal_half_lambda,cfg_candidate,20.0,-10.0,-21.0,20.0,0.47394519284995196,-41.0,30.0
ideal_half_lambda,cfg_candidate,40.0,-10.0,-15.0,20.0,0.5960619804382371,-55.0,30.0
ideal_half_lambda,cfg_candidate,60.0,-10.0,-10.0,20.0,0.5637287592969953,-70.0,30.0
ideal_half_lambda,cfg_candidate,-60.0,0.0,-3.0,20.0,0.4395282259146307,57.0,20.0
ideal_half_lambda,cfg_candidate,-40.0,0.0,-12.0,-1.0,0.43513393387350263,28.0,-1.0
ideal_half_lambda,cfg_candidate,-20.0,0.0,-6.0,-1.0,0.7942741738860611,14.0,-1.0
ideal_half_lambda,cfg_candidate,0.0,0.0,0.0,0.0,1.0,0.0,0.0
ideal_half_lambda,cfg_candidate,20.0,0.0,6.0,1.0,0.7942741738860624,-14.0,1.0
ideal_half_lambda,cfg_candidate,40.0,0.0,12.0,1.0,0.4351339338735034,-28.0,1.0
ideal_half_lambda,cfg_candidate,60.0,0.0,3.0,-20.0,0.4395282259146366,-57.0,-20.0
ideal_half_lambda,cfg_candidate,-60.0,10.0,10.0,-20.0,0.5637287592969927,70.0,-30.0
ideal_half_lambda,cfg_candidate,-40.0,10.0,15.0,-20.0,0.596061980438239,55.0,-30.0
ideal_half_lambda,cfg_candidate,-20.0,10.0,21.0,-20.0,0.4739451928499497,41.0,-30.0
ideal_half_lambda,cfg_candidate,0.0,10.0,1.0,-1.0,0.7145329372191328,1.0,-11.0
ideal_half_lambda,cfg_candidate,20.0,10.0,8.0,-2.0,0.9281006485771128,-12.0,-12.0
ideal_half_lambda,cfg_candidate,40.0,10.0,13.0,-1.0,0.8087769349525408,-27.0,-11.0
ideal_half_lambda,cfg_candidate,60.0,10.0,17.0,-1.0,0.5784582260446991,-43.0,-11.0
ideal_half_lambda,cfg_candidate,-60.0,20.0,26.0,-4.0,0.48667004903965955,86.0,-24.0
ideal_half_lambda,cfg_candidate,-40.0,20.0,17.0,-20.0,0.5897402905127799,57.0,-40.0
ideal_half_lambda,cfg_candidate,-20.0,20.0,23.0,-20.0,0.6901797564730338,43.0,-40.0
ideal_half_lambda,cfg_candidate,0.0,20.0,30.0,-20.0,0.5625273378356831,30.0,-40.0
ideal_half_lambda,cfg_candidate,20.0,20.0,9.0,-3.0,0.5524227790340186,-11.0,-23.0
ideal_half_lambda,cfg_candidate,40.0,20.0,14.0,-3.0,0.7433408613355066,-26.0,-23.0
ideal_half_lambda,cfg_candidate,60.0,20.0,18.0,-3.0,0.7460449462387232,-42.0,-23.0
ideal_half_lambda,pcb_centroid_candidate,-60.0,-20.0,2.0,9.0,0.7545016571980946,62.0,29.0
ideal_half_lambda,pcb_centroid_candidate,-40.0,-20.0,53.0,7.0,0.8282565206472503,93.0,27.0
ideal_half_lambda,pcb_centroid_candidate,-20.0,-20.0,26.0,8.0,0.9065920325542131,46.0,28.0
ideal_half_lambda,pcb_centroid_candidate,0.0,-20.0,16.0,-9.0,0.9637126192579519,16.0,11.0
ideal_half_lambda,pcb_centroid_candidate,20.0,-20.0,-1.0,-16.0,0.9280316926173793,-21.0,4.0
ideal_half_lambda,pcb_centroid_candidate,40.0,-20.0,54.0,4.0,0.8201140416245458,14.0,24.0
ideal_half_lambda,pcb_centroid_candidate,60.0,-20.0,40.0,-12.0,0.7459034756460001,-20.0,8.0
ideal_half_lambda,pcb_centroid_candidate,-60.0,-10.0,21.0,0.0,0.7076595710554486,81.0,10.0
ideal_half_lambda,pcb_centroid_candidate,-40.0,-10.0,-5.0,15.0,0.8112426607320274,35.0,25.0
ideal_half_lambda,pcb_centroid_candidate,-20.0,-10.0,-49.0,-2.0,0.9312162521021712,-29.0,8.0
ideal_half_lambda,pcb_centroid_candidate,0.0,-10.0,34.0,-12.0,0.9896708361575005,34.0,-2.0
ideal_half_lambda,pcb_centroid_candidate,20.0,-10.0,26.0,1.0,0.934309289741261,6.0,11.0
ideal_half_lambda,pcb_centroid_candidate,40.0,-10.0,20.0,0.0,0.810780549695681,-20.0,10.0
ideal_half_lambda,pcb_centroid_candidate,60.0,-10.0,48.0,-18.0,0.7230248338570634,-12.0,-8.0
ideal_half_lambda,pcb_centroid_candidate,-60.0,0.0,-14.0,-2.0,0.7167977201812713,46.0,-2.0
ideal_half_lambda,pcb_centroid_candidate,-40.0,0.0,-56.0,-3.0,0.8242597023409467,-16.0,-3.0
ideal_half_lambda,pcb_centroid_candidate,-20.0,0.0,46.0,1.0,0.9400181240531114,66.0,1.0
ideal_half_lambda,pcb_centroid_candidate,0.0,0.0,0.0,0.0,1.0,0.0,0.0
ideal_half_lambda,pcb_centroid_candidate,20.0,0.0,-46.0,-1.0,0.9400181240531144,-66.0,-1.0
ideal_half_lambda,pcb_centroid_candidate,40.0,0.0,56.0,3.0,0.8242597023409477,16.0,3.0
ideal_half_lambda,pcb_centroid_candidate,60.0,0.0,14.0,2.0,0.7167977201812678,-46.0,2.0
ideal_half_lambda,pcb_centroid_candidate,-60.0,10.0,-48.0,18.0,0.7230248338570613,12.0,8.0
ideal_half_lambda,pcb_centroid_candidate,-40.0,10.0,-20.0,0.0,0.8107805496956786,20.0,-10.0
ideal_half_lambda,pcb_centroid_candidate,-20.0,10.0,-26.0,-1.0,0.9343092897412606,-6.0,-11.0
ideal_half_lambda,pcb_centroid_candidate,0.0,10.0,-34.0,12.0,0.9896708361574998,-34.0,2.0
ideal_half_lambda,pcb_centroid_candidate,20.0,10.0,49.0,2.0,0.9312162521021712,29.0,-8.0
ideal_half_lambda,pcb_centroid_candidate,40.0,10.0,5.0,-15.0,0.8112426607320247,-35.0,-25.0
ideal_half_lambda,pcb_centroid_candidate,60.0,10.0,-21.0,0.0,0.7076595710554549,-81.0,-10.0
ideal_half_lambda,pcb_centroid_candidate,-60.0,20.0,-40.0,12.0,0.7459034756460027,20.0,-8.0
ideal_half_lambda,pcb_centroid_candidate,-40.0,20.0,-54.0,-4.0,0.8201140416245444,-14.0,-24.0
ideal_half_lambda,pcb_centroid_candidate,-20.0,20.0,1.0,16.0,0.9280316926173804,21.0,-4.0
ideal_half_lambda,pcb_centroid_candidate,0.0,20.0,-16.0,9.0,0.9637126192579525,-16.0,-11.0
ideal_half_lambda,pcb_centroid_candidate,20.0,20.0,-26.0,-8.0,0.90659203255421,-46.0,-28.0
ideal_half_lambda,pcb_centroid_candidate,40.0,20.0,-53.0,-7.0,0.8282565206472497,-93.0,-27.0
ideal_half_lambda,pcb_centroid_candidate,60.0,20.0,-2.0,-9.0,0.754501657198092,-62.0,-29.0
cfg_candidate,ideal_half_lambda,-60.0,-20.0,-51.0,-5.0,0.043393875012876226,9.0,15.0
cfg_candidate,ideal_half_lambda,-40.0,-20.0,-14.0,-20.0,0.2736475683361427,26.0,0.0
cfg_candidate,ideal_half_lambda,-20.0,-20.0,32.0,-19.0,0.5712697954461121,52.0,1.0
cfg_candidate,ideal_half_lambda,0.0,-20.0,-3.0,0.0,0.5876887294244801,-3.0,20.0
cfg_candidate,ideal_half_lambda,20.0,-20.0,-27.0,19.0,0.6805244034631294,-47.0,39.0
cfg_candidate,ideal_half_lambda,40.0,-20.0,19.0,20.0,0.24819668342277615,-21.0,40.0
cfg_candidate,ideal_half_lambda,60.0,-20.0,-32.0,5.0,0.034190947098671376,-92.0,25.0
cfg_candidate,ideal_half_lambda,-60.0,-10.0,21.0,-7.0,0.06312193178889854,81.0,3.0
cfg_candidate,ideal_half_lambda,-40.0,-10.0,60.0,-20.0,0.16016572267782744,100.0,-10.0
cfg_candidate,ideal_half_lambda,-20.0,-10.0,-60.0,-18.0,0.490754072683952,-40.0,-8.0
cfg_candidate,ideal_half_lambda,0.0,-10.0,-2.0,0.0,0.8734914454848369,-2.0,10.0
cfg_candidate,ideal_half_lambda,20.0,-10.0,60.0,19.0,0.6683698325431079,40.0,29.0
cfg_candidate,ideal_half_lambda,40.0,-10.0,-60.0,20.0,0.1042554470364751,-100.0,30.0
cfg_candidate,ideal_half_lambda,60.0,-10.0,-24.0,7.0,0.057942501111295674,-84.0,17.0
cfg_candidate,ideal_half_lambda,-60.0,0.0,21.0,-8.0,0.07010267286034479,81.0,-8.0
cfg_candidate,ideal_half_lambda,-40.0,0.0,60.0,-20.0,0.15551167360715806,100.0,-20.0
cfg_candidate,ideal_half_lambda,-20.0,0.0,-60.0,-19.0,0.6522412153894769,-40.0,-19.0
cfg_candidate,ideal_half_lambda,0.0,0.0,0.0,0.0,1.0,0.0,0.0
cfg_candidate,ideal_half_lambda,20.0,0.0,60.0,19.0,0.6522412153894787,40.0,19.0
cfg_candidate,ideal_half_lambda,40.0,0.0,-60.0,20.0,0.155511673607157,-100.0,20.0
cfg_candidate,ideal_half_lambda,60.0,0.0,-21.0,8.0,0.0701026728603426,-81.0,8.0
cfg_candidate,ideal_half_lambda,-60.0,10.0,24.0,-7.0,0.057942501111298866,84.0,-17.0
cfg_candidate,ideal_half_lambda,-40.0,10.0,60.0,-20.0,0.10425544703647485,100.0,-30.0
cfg_candidate,ideal_half_lambda,-20.0,10.0,-60.0,-19.0,0.6683698325431088,-40.0,-29.0
cfg_candidate,ideal_half_lambda,0.0,10.0,2.0,0.0,0.8734914454848434,2.0,-10.0
cfg_candidate,ideal_half_lambda,20.0,10.0,60.0,18.0,0.4907540726839551,40.0,8.0
cfg_candidate,ideal_half_lambda,40.0,10.0,-60.0,20.0,0.16016572267782786,-100.0,10.0
cfg_candidate,ideal_half_lambda,60.0,10.0,-21.0,7.0,0.06312193178889909,-81.0,-3.0
cfg_candidate,ideal_half_lambda,-60.0,20.0,32.0,-5.0,0.03419094709867261,92.0,-25.0
cfg_candidate,ideal_half_lambda,-40.0,20.0,-19.0,-20.0,0.24819668342278023,21.0,-40.0
cfg_candidate,ideal_half_lambda,-20.0,20.0,27.0,-19.0,0.6805244034631318,47.0,-39.0
cfg_candidate,ideal_half_lambda,0.0,20.0,3.0,0.0,0.5876887294244789,3.0,-20.0
cfg_candidate,ideal_half_lambda,20.0,20.0,-32.0,19.0,0.5712697954461119,-52.0,-1.0
cfg_candidate,ideal_half_lambda,40.0,20.0,14.0,20.0,0.27364756833614323,-26.0,0.0
cfg_candidate,ideal_half_lambda,60.0,20.0,51.0,5.0,0.04339387501287482,-9.0,-15.0
cfg_candidate,cfg_candidate,-60.0,-20.0,-60.0,-20.0,1.0,0.0,0.0
cfg_candidate,cfg_candidate,-40.0,-20.0,-40.0,-20.0,1.0,0.0,0.0
cfg_candidate,cfg_candidate,-20.0,-20.0,-20.0,-20.0,0.9999999999999998,0.0,0.0
cfg_candidate,cfg_candidate,0.0,-20.0,0.0,-20.0,0.9999999999999996,0.0,0.0
cfg_candidate,cfg_candidate,20.0,-20.0,20.0,-20.0,1.0,0.0,0.0
cfg_candidate,cfg_candidate,40.0,-20.0,40.0,-20.0,1.0,0.0,0.0
cfg_candidate,cfg_candidate,60.0,-20.0,60.0,-20.0,0.9999999999999998,0.0,0.0
cfg_candidate,cfg_candidate,-60.0,-10.0,-60.0,-10.0,1.0000000000000004,0.0,0.0
cfg_candidate,cfg_candidate,-40.0,-10.0,-40.0,-10.0,1.0,0.0,0.0
cfg_candidate,cfg_candidate,-20.0,-10.0,-20.0,-10.0,0.9999999999999996,0.0,0.0
cfg_candidate,cfg_candidate,0.0,-10.0,0.0,-10.0,1.0,0.0,0.0
cfg_candidate,cfg_candidate,20.0,-10.0,20.0,-10.0,1.0000000000000004,0.0,0.0
cfg_candidate,cfg_candidate,40.0,-10.0,40.0,-10.0,1.0,0.0,0.0
cfg_candidate,cfg_candidate,60.0,-10.0,60.0,-10.0,1.0,0.0,0.0
cfg_candidate,cfg_candidate,-60.0,0.0,-60.0,0.0,1.0,0.0,0.0
cfg_candidate,cfg_candidate,-40.0,0.0,-40.0,0.0,1.0,0.0,0.0
cfg_candidate,cfg_candidate,-20.0,0.0,-20.0,0.0,1.0,0.0,0.0
cfg_candidate,cfg_candidate,0.0,0.0,0.0,0.0,1.0,0.0,0.0
cfg_candidate,cfg_candidate,20.0,0.0,20.0,0.0,0.9999999999999998,0.0,0.0
cfg_candidate,cfg_candidate,40.0,0.0,40.0,0.0,1.0000000000000004,0.0,0.0
cfg_candidate,cfg_candidate,60.0,0.0,60.0,0.0,1.0000000000000004,0.0,0.0
cfg_candidate,cfg_candidate,-60.0,10.0,-60.0,10.0,1.0,0.0,0.0
cfg_candidate,cfg_candidate,-40.0,10.0,-40.0,10.0,1.0,0.0,0.0
cfg_candidate,cfg_candidate,-20.0,10.0,-20.0,10.0,1.0,0.0,0.0
cfg_candidate,cfg_candidate,0.0,10.0,0.0,10.0,1.0,0.0,0.0
cfg_candidate,cfg_candidate,20.0,10.0,20.0,10.0,1.0,0.0,0.0
cfg_candidate,cfg_candidate,40.0,10.0,40.0,10.0,1.0,0.0,0.0
cfg_candidate,cfg_candidate,60.0,10.0,60.0,10.0,1.0,0.0,0.0
cfg_candidate,cfg_candidate,-60.0,20.0,-60.0,20.0,1.0,0.0,0.0
cfg_candidate,cfg_candidate,-40.0,20.0,-40.0,20.0,1.0,0.0,0.0
cfg_candidate,cfg_candidate,-20.0,20.0,-20.0,20.0,1.0,0.0,0.0
cfg_candidate,cfg_candidate,0.0,20.0,0.0,20.0,1.0000000000000004,0.0,0.0
cfg_candidate,cfg_candidate,20.0,20.0,20.0,20.0,0.9999999999999996,0.0,0.0
cfg_candidate,cfg_candidate,40.0,20.0,40.0,20.0,1.0,0.0,0.0
cfg_candidate,cfg_candidate,60.0,20.0,60.0,20.0,1.0,0.0,0.0
cfg_candidate,pcb_centroid_candidate,-60.0,-20.0,40.0,-19.0,0.9997489881875493,100.0,1.0
cfg_candidate,pcb_centroid_candidate,-40.0,-20.0,-3.0,18.0,0.9712139694305765,37.0,38.0
cfg_candidate,pcb_centroid_candidate,-20.0,-20.0,54.0,-7.0,0.9541518101329786,74.0,13.0
cfg_candidate,pcb_centroid_candidate,0.0,-20.0,0.0,-14.0,0.9634663789248678,0.0,6.0
cfg_candidate,pcb_centroid_candidate,20.0,-20.0,33.0,-4.0,0.971865652564908,13.0,16.0
cfg_candidate,pcb_centroid_candidate,40.0,-20.0,-59.0,5.0,0.9757217086440321,-99.0,25.0
cfg_candidate,pcb_centroid_candidate,60.0,-20.0,13.0,18.0,0.9949122248471397,-47.0,38.0
cfg_candidate,pcb_centroid_candidate,-60.0,-10.0,-3.0,-17.0,0.9640678814528265,57.0,-7.0
cfg_candidate,pcb_centroid_candidate,-40.0,-10.0,29.0,19.0,0.9597194108114486,69.0,29.0
cfg_candidate,pcb_centroid_candidate,-20.0,-10.0,-23.0,-15.0,0.9764749905556003,-3.0,-5.0
cfg_candidate,pcb_centroid_candidate,0.0,-10.0,0.0,3.0,0.9999586565617666,0.0,13.0
cfg_candidate,pcb_centroid_candidate,20.0,-10.0,-39.0,7.0,0.9613617555962207,-59.0,17.0
cfg_candidate,pcb_centroid_candidate,40.0,-10.0,-3.0,-15.0,0.976545873260103,-43.0,-5.0
cfg_candidate,pcb_centroid_candidate,60.0,-10.0,-36.0,-12.0,0.9964239943122387,-96.0,-2.0
cfg_candidate,pcb_centroid_candidate,-60.0,0.0,36.0,-12.0,0.986513712128517,96.0,-12.0
cfg_candidate,pcb_centroid_candidate,-40.0,0.0,54.0,13.0,0.9910361769499053,94.0,13.0
cfg_candidate,pcb_centroid_candidate,-20.0,0.0,-59.0,12.0,0.9919283289601529,-39.0,12.0
cfg_candidate,pcb_centroid_candidate,0.0,0.0,0.0,0.0,1.0,0.0,0.0
cfg_candidate,pcb_centroid_candidate,20.0,0.0,59.0,-12.0,0.991928328960152,39.0,-12.0
cfg_candidate,pcb_centroid_candidate,40.0,0.0,-54.0,-13.0,0.9910361769499053,-94.0,-13.0
cfg_candidate,pcb_centroid_candidate,60.0,0.0,-36.0,12.0,0.9865137121285168,-96.0,12.0
cfg_candidate,pcb_centroid_candidate,-60.0,10.0,36.0,12.0,0.9964239943122389,96.0,2.0
cfg_candidate,pcb_centroid_candidate,-40.0,10.0,3.0,15.0,0.9765458732601032,43.0,5.0
cfg_candidate,pcb_centroid_candidate,-20.0,10.0,39.0,-7.0,0.961361755596221,59.0,-17.0
cfg_candidate,pcb_centroid_candidate,0.0,10.0,0.0,-3.0,0.9999586565617669,0.0,-13.0
cfg_candidate,pcb_centroid_candidate,20.0,10.0,23.0,15.0,0.9764749905556018,3.0,5.0
cfg_candidate,pcb_centroid_candidate,40.0,10.0,-29.0,-19.0,0.9597194108114493,-69.0,-29.0
cfg_candidate,pcb_centroid_candidate,60.0,10.0,3.0,17.0,0.9640678814528263,-57.0,7.0
cfg_candidate,pcb_centroid_candidate,-60.0,20.0,-13.0,-18.0,0.9949122248471393,47.0,-38.0
cfg_candidate,pcb_centroid_candidate,-40.0,20.0,59.0,-5.0,0.9757217086440337,99.0,-25.0
cfg_candidate,pcb_centroid_candidate,-20.0,20.0,-33.0,4.0,0.9718656525649086,-13.0,-16.0
cfg_candidate,pcb_centroid_candidate,0.0,20.0,0.0,14.0,0.963466378924868,0.0,-6.0
cfg_candidate,pcb_centroid_candidate,20.0,20.0,-54.0,7.0,0.9541518101329777,-74.0,-13.0
cfg_candidate,pcb_centroid_candidate,40.0,20.0,3.0,-18.0,0.9712139694305771,-37.0,-38.0
cfg_candidate,pcb_centroid_candidate,60.0,20.0,-40.0,19.0,0.9997489881875495,-100.0,-1.0
pcb_centroid_candidate,ideal_half_lambda,-60.0,-20.0,-4.0,-16.0,0.5536170852077043,56.0,4.0
pcb_centroid_candidate,ideal_half_lambda,-40.0,-20.0,17.0,20.0,0.36368233792931953,57.0,40.0
pcb_centroid_candidate,ideal_half_lambda,-20.0,-20.0,4.0,18.0,0.8697170149032272,24.0,38.0
pcb_centroid_candidate,ideal_half_lambda,0.0,-20.0,-45.0,0.0,0.47704310146198203,-45.0,20.0
pcb_centroid_candidate,ideal_half_lambda,20.0,-20.0,-6.0,-18.0,0.9653452626952431,-26.0,2.0
pcb_centroid_candidate,ideal_half_lambda,40.0,-20.0,-60.0,-20.0,0.41311536103921825,-100.0,0.0
pcb_centroid_candidate,ideal_half_lambda,60.0,-20.0,57.0,16.0,0.5116235022544116,-3.0,36.0
pcb_centroid_candidate,ideal_half_lambda,-60.0,-10.0,25.0,-20.0,0.6092366904515821,85.0,-10.0
pcb_centroid_candidate,ideal_half_lambda,-40.0,-10.0,-18.0,9.0,0.5679874287797615,22.0,19.0
pcb_centroid_candidate,ideal_half_lambda,-20.0,-10.0,-2.0,-1.0,0.05250787974244724,18.0,9.0
pcb_centroid_candidate,ideal_half_lambda,0.0,-10.0,-2.0,0.0,0.8024568542571795,-2.0,10.0
pcb_centroid_candidate,ideal_half_lambda,20.0,-10.0,-2.0,1.0,0.06503787437627735,-22.0,11.0
pcb_centroid_candidate,ideal_half_lambda,40.0,-10.0,14.0,-9.0,0.925609625479789,-26.0,1.0
pcb_centroid_candidate,ideal_half_lambda,60.0,-10.0,60.0,20.0,0.5312357185140641,0.0,30.0
pcb_centroid_candidate,ideal_half_lambda,-60.0,0.0,-60.0,1.0,0.03659314332842824,0.0,1.0
pcb_centroid_candidate,ideal_half_lambda,-40.0,0.0,10.0,20.0,0.2833321338388416,50.0,20.0
pcb_centroid_candidate,ideal_half_lambda,-20.0,0.0,-37.0,11.0,0.8289651326196523,-17.0,11.0
pcb_centroid_candidate,ideal_half_lambda,0.0,0.0,0.0,0.0,1.0,0.0,0.0
pcb_centroid_candidate,ideal_half_lambda,20.0,0.0,37.0,-11.0,0.8289651326196514,17.0,-11.0
pcb_centroid_candidate,ideal_half_lambda,40.0,0.0,-10.0,-20.0,0.2833321338388395,-50.0,-20.0
pcb_centroid_candidate,ideal_half_lambda,60.0,0.0,60.0,-1.0,0.03659314332842741,0.0,-1.0
pcb_centroid_candidate,ideal_half_lambda,-60.0,10.0,-60.0,-20.0,0.5312357185140625,0.0,-30.0
pcb_centroid_candidate,ideal_half_lambda,-40.0,10.0,-14.0,9.0,0.9256096254797884,26.0,-1.0
pcb_centroid_candidate,ideal_half_lambda,-20.0,10.0,2.0,-1.0,0.06503787437627673,22.0,-11.0
pcb_centroid_candidate,ideal_half_lambda,0.0,10.0,2.0,0.0,0.802456854257175,2.0,-10.0
pcb_centroid_candidate,ideal_half_lambda,20.0,10.0,2.0,1.0,0.05250787974244777,-18.0,-9.0
pcb_centroid_candidate,ideal_half_lambda,40.0,10.0,18.0,-9.0,0.5679874287797592,-22.0,-19.0
pcb_centroid_candidate,ideal_half_lambda,60.0,10.0,-25.0,20.0,0.6092366904515791,-85.0,10.0
pcb_centroid_candidate,ideal_half_lambda,-60.0,20.0,-57.0,-16.0,0.5116235022544159,3.0,-36.0
pcb_centroid_candidate,ideal_half_lambda,-40.0,20.0,60.0,20.0,0.4131153610392201,100.0,0.0
pcb_centroid_candidate,ideal_half_lambda,-20.0,20.0,6.0,18.0,0.9653452626952405,26.0,-2.0
pcb_centroid_candidate,ideal_half_lambda,0.0,20.0,45.0,0.0,0.47704310146198187,45.0,-20.0
pcb_centroid_candidate,ideal_half_lambda,20.0,20.0,-4.0,-18.0,0.8697170149032257,-24.0,-38.0
pcb_centroid_candidate,ideal_half_lambda,40.0,20.0,-17.0,-20.0,0.36368233792931726,-57.0,-40.0
pcb_centroid_candidate,ideal_half_lambda,60.0,20.0,4.0,16.0,0.5536170852077051,-56.0,-4.0
pcb_centroid_candidate,cfg_candidate,-60.0,-20.0,-4.0,20.0,0.5343097123652951,56.0,40.0
pcb_centroid_candidate,cfg_candidate,-40.0,-20.0,36.0,-13.0,0.8623918090283659,76.0,7.0
pcb_centroid_candidate,cfg_candidate,-20.0,-20.0,33.0,20.0,0.5365280231745879,53.0,40.0
pcb_centroid_candidate,cfg_candidate,0.0,-20.0,1.0,20.0,0.895491230671297,1.0,40.0
pcb_centroid_candidate,cfg_candidate,20.0,-20.0,-32.0,20.0,0.5169004176643636,-52.0,40.0
pcb_centroid_candidate,cfg_candidate,40.0,-20.0,-35.0,-3.0,0.863043658962582,-75.0,17.0
pcb_centroid_candidate,cfg_candidate,60.0,-20.0,30.0,3.0,0.43707655676701274,-30.0,23.0
pcb_centroid_candidate,cfg_candidate,-60.0,-10.0,-23.0,-20.0,0.9792587637565858,37.0,-10.0
pcb_centroid_candidate,cfg_candidate,-40.0,-10.0,23.0,20.0,0.5411606754657226,63.0,30.0
pcb_centroid_candidate,cfg_candidate,-20.0,-10.0,-34.0,20.0,0.4895696018335177,-14.0,30.0
pcb_centroid_candidate,cfg_candidate,0.0,-10.0,0.0,-13.0,0.9999460043547109,0.0,-3.0
pcb_centroid_candidate,cfg_candidate,20.0,-10.0,35.0,20.0,0.48546896780150567,15.0,30.0
pcb_centroid_candidate,cfg_candidate,40.0,-10.0,-22.0,20.0,0.5055704420439934,-62.0,30.0
pcb_centroid_candidate,cfg_candidate,60.0,-10.0,22.0,-6.0,0.9803581958902353,-38.0,4.0
pcb_centroid_candidate,cfg_candidate,-60.0,0.0,60.0,16.0,0.4373565134619094,120.0,16.0
pcb_centroid_candidate,cfg_candidate,-40.0,0.0,39.0,20.0,0.8420907625080173,79.0,20.0
pcb_centroid_candidate,cfg_candidate,-20.0,0.0,17.0,20.0,0.7034368856964198,37.0,20.0
pcb_centroid_candidate,cfg_candidate,0.0,0.0,0.0,0.0,1.0,0.0,0.0
pcb_centroid_candidate,cfg_candidate,20.0,0.0,-17.0,-20.0,0.7034368856964176,-37.0,-20.0
pcb_centroid_candidate,cfg_candidate,40.0,0.0,-39.0,-20.0,0.8420907625080185,-79.0,-20.0
pcb_centroid_candidate,cfg_candidate,60.0,0.0,-60.0,-16.0,0.43735651346190957,-120.0,-16.0
pcb_centroid_candidate,cfg_candidate,-60.0,10.0,-22.0,6.0,0.9803581958902347,38.0,-4.0
pcb_centroid_candidate,cfg_candidate,-40.0,10.0,22.0,-20.0,0.5055704420439937,62.0,-30.0
pcb_centroid_candidate,cfg_candidate,-20.0,10.0,-35.0,-20.0,0.48546896780150567,-15.0,-30.0
pcb_centroid_candidate,cfg_candidate,0.0,10.0,0.0,13.0,0.9999460043547105,0.0,3.0
pcb_centroid_candidate,cfg_candidate,20.0,10.0,34.0,-20.0,0.4895696018335174,14.0,-30.0
pcb_centroid_candidate,cfg_candidate,40.0,10.0,-23.0,-20.0,0.5411606754657208,-63.0,-30.0
pcb_centroid_candidate,cfg_candidate,60.0,10.0,23.0,20.0,0.9792587637565863,-37.0,10.0
pcb_centroid_candidate,cfg_candidate,-60.0,20.0,-30.0,-3.0,0.43707655676701157,30.0,-23.0
pcb_centroid_candidate,cfg_candidate,-40.0,20.0,35.0,3.0,0.8630436589625812,75.0,-17.0
pcb_centroid_candidate,cfg_candidate,-20.0,20.0,32.0,-20.0,0.5169004176643723,52.0,-40.0
pcb_centroid_candidate,cfg_candidate,0.0,20.0,-1.0,-20.0,0.8954912306712973,-1.0,-40.0
pcb_centroid_candidate,cfg_candidate,20.0,20.0,-33.0,-20.0,0.5365280231745865,-53.0,-40.0
pcb_centroid_candidate,cfg_candidate,40.0,20.0,-36.0,13.0,0.8623918090283671,-76.0,-7.0
pcb_centroid_candidate,cfg_candidate,60.0,20.0,4.0,-20.0,0.5343097123652941,-56.0,-40.0
pcb_centroid_candidate,pcb_centroid_candidate,-60.0,-20.0,-60.0,-20.0,1.0,0.0,0.0
pcb_centroid_candidate,pcb_centroid_candidate,-40.0,-20.0,-40.0,-20.0,1.0,0.0,0.0
pcb_centroid_candidate,pcb_centroid_candidate,-20.0,-20.0,-20.0,-20.0,1.0,0.0,0.0
pcb_centroid_candidate,pcb_centroid_candidate,0.0,-20.0,0.0,-20.0,1.0,0.0,0.0
pcb_centroid_candidate,pcb_centroid_candidate,20.0,-20.0,20.0,-20.0,1.0,0.0,0.0
pcb_centroid_candidate,pcb_centroid_candidate,40.0,-20.0,40.0,-20.0,1.0000000000000004,0.0,0.0
pcb_centroid_candidate,pcb_centroid_candidate,60.0,-20.0,60.0,-20.0,1.0000000000000004,0.0,0.0
pcb_centroid_candidate,pcb_centroid_candidate,-60.0,-10.0,-60.0,-10.0,1.0,0.0,0.0
pcb_centroid_candidate,pcb_centroid_candidate,-40.0,-10.0,-40.0,-10.0,1.0,0.0,0.0
pcb_centroid_candidate,pcb_centroid_candidate,-20.0,-10.0,-20.0,-10.0,1.0,0.0,0.0
pcb_centroid_candidate,pcb_centroid_candidate,0.0,-10.0,0.0,-10.0,1.0,0.0,0.0
pcb_centroid_candidate,pcb_centroid_candidate,20.0,-10.0,20.0,-10.0,0.9999999999999998,0.0,0.0
pcb_centroid_candidate,pcb_centroid_candidate,40.0,-10.0,40.0,-10.0,0.9999999999999996,0.0,0.0
pcb_centroid_candidate,pcb_centroid_candidate,60.0,-10.0,60.0,-10.0,1.0000000000000004,0.0,0.0
pcb_centroid_candidate,pcb_centroid_candidate,-60.0,0.0,-60.0,0.0,1.0,0.0,0.0
pcb_centroid_candidate,pcb_centroid_candidate,-40.0,0.0,-40.0,0.0,0.9999999999999998,0.0,0.0
pcb_centroid_candidate,pcb_centroid_candidate,-20.0,0.0,-20.0,0.0,1.0,0.0,0.0
pcb_centroid_candidate,pcb_centroid_candidate,0.0,0.0,0.0,0.0,1.0,0.0,0.0
pcb_centroid_candidate,pcb_centroid_candidate,20.0,0.0,20.0,0.0,1.0,0.0,0.0
pcb_centroid_candidate,pcb_centroid_candidate,40.0,0.0,40.0,0.0,1.0,0.0,0.0
pcb_centroid_candidate,pcb_centroid_candidate,60.0,0.0,60.0,0.0,0.9999999999999996,0.0,0.0
pcb_centroid_candidate,pcb_centroid_candidate,-60.0,10.0,-60.0,10.0,1.0,0.0,0.0
pcb_centroid_candidate,pcb_centroid_candidate,-40.0,10.0,-40.0,10.0,1.0,0.0,0.0
pcb_centroid_candidate,pcb_centroid_candidate,-20.0,10.0,-20.0,10.0,1.0,0.0,0.0
pcb_centroid_candidate,pcb_centroid_candidate,0.0,10.0,0.0,10.0,1.0,0.0,0.0
pcb_centroid_candidate,pcb_centroid_candidate,20.0,10.0,20.0,10.0,1.0000000000000004,0.0,0.0
pcb_centroid_candidate,pcb_centroid_candidate,40.0,10.0,40.0,10.0,1.0,0.0,0.0
pcb_centroid_candidate,pcb_centroid_candidate,60.0,10.0,60.0,10.0,1.0000000000000004,0.0,0.0
pcb_centroid_candidate,pcb_centroid_candidate,-60.0,20.0,-60.0,20.0,0.9999999999999998,0.0,0.0
pcb_centroid_candidate,pcb_centroid_candidate,-40.0,20.0,-40.0,20.0,0.9999999999999998,0.0,0.0
pcb_centroid_candidate,pcb_centroid_candidate,-20.0,20.0,-20.0,20.0,0.9999999999999998,0.0,0.0
pcb_centroid_candidate,pcb_centroid_candidate,0.0,20.0,0.0,20.0,1.0,0.0,0.0
pcb_centroid_candidate,pcb_centroid_candidate,20.0,20.0,20.0,20.0,1.0,0.0,0.0
pcb_centroid_candidate,pcb_centroid_candidate,40.0,20.0,40.0,20.0,1.0,0.0,0.0
pcb_centroid_candidate,pcb_centroid_candidate,60.0,20.0,60.0,20.0,0.9999999999999996,0.0,0.0
