actual_model,assumed_model,truth_azimuth_deg,truth_elevation_deg,estimated_azimuth_deg,estimated_elevation_deg,azimuth_error_deg,elevation_error_deg
ideal_half_lambda,ideal_half_lambda,-60.0,-20.0,-59.99999999999914,-19.99999999999941,8.597567102697212e-13,5.897504706808832e-13
ideal_half_lambda,ideal_half_lambda,-40.0,-20.0,-39.99999999999955,-19.999999999999428,4.476419235288631e-13,5.719869022868806e-13
ideal_half_lambda,ideal_half_lambda,-20.0,-20.0,-19.999999999999726,-19.999999999999382,2.7355895326763857e-13,6.181721801112872e-13
ideal_half_lambda,ideal_half_lambda,0.0,-20.0,1.926347836200168e-13,-19.99999999999942,1.926347836200168e-13,5.790923296444817e-13
ideal_half_lambda,ideal_half_lambda,20.0,-20.0,20.000000000000117,-19.99999999999939,1.1723955140041653e-13,6.110667527536862e-13
ideal_half_lambda,ideal_half_lambda,40.0,-20.0,40.00000000000006,-19.999999999999403,5.684341886080802e-14,5.968558980384842e-13
ideal_half_lambda,ideal_half_lambda,60.0,-20.0,59.99999999999994,-19.999999999999435,-5.684341886080802e-14,5.648814749292796e-13
ideal_half_lambda,ideal_half_lambda,-60.0,-10.0,-59.999999999999666,-9.999999999999702,3.339550858072471e-13,2.984279490192421e-13
ideal_half_lambda,ideal_half_lambda,-40.0,-10.0,-39.99999999999983,-9.999999999999696,1.7053025658242404e-13,3.0375701953744283e-13
ideal_half_lambda,ideal_half_lambda,-20.0,-10.0,-19.999999999999858,-9.999999999999673,1.4210854715202004e-13,3.268496584496461e-13
ideal_half_lambda,ideal_half_lambda,0.0,-10.0,9.327551354541226e-14,-9.999999999999709,9.327551354541226e-14,2.913225216616411e-13
ideal_half_lambda,ideal_half_lambda,20.0,-10.0,20.00000000000007,-9.99999999999971,7.105427357601002e-14,2.8954616482224083e-13
ideal_half_lambda,ideal_half_lambda,40.0,-10.0,40.00000000000003,-9.999999999999709,2.842170943040401e-14,2.913225216616411e-13
ideal_half_lambda,ideal_half_lambda,60.0,-10.0,60.00000000000007,-9.99999999999971,7.105427357601002e-14,2.8954616482224083e-13
ideal_half_lambda,ideal_half_lambda,-60.0,0.0,-60.00000000000006,3.1233002531364727e-15,-5.684341886080802e-14,3.1233002531364727e-15
ideal_half_lambda,ideal_half_lambda,-40.0,0.0,-40.00000000000003,3.725394102218784e-15,-2.842170943040401e-14,3.725394102218784e-15
ideal_half_lambda,ideal_half_lambda,-20.0,0.0,-19.999999999999986,8.041056969740848e-16,1.4210854715202004e-14,8.041056969740848e-16
ideal_half_lambda,ideal_half_lambda,0.0,0.0,-8.428177446126813e-17,-5.1734741533259134e-17,-8.428177446126813e-17,-5.1734741533259134e-17
ideal_half_lambda,ideal_half_lambda,20.0,0.0,19.999999999999982,-3.991458487246974e-15,-1.7763568394002505e-14,-3.991458487246974e-15
ideal_half_lambda,ideal_half_lambda,40.0,0.0,40.000000000000036,-3.964359336920028e-15,3.552713678800501e-14,-3.964359336920028e-15
ideal_half_lambda,ideal_half_lambda,60.0,0.0,59.99999999999999,-1.2208413578200904e-14,-7.105427357601002e-15,-1.2208413578200904e-14
ideal_half_lambda,ideal_half_lambda,-60.0,10.0,-60.00000000000012,9.999999999999748,-1.2079226507921703e-13,-2.5224267119483557e-13
ideal_half_lambda,ideal_half_lambda,-40.0,10.0,-40.000000000000064,9.99999999999977,-6.394884621840902e-14,-2.291500322826323e-13
ideal_half_lambda,ideal_half_lambda,-20.0,10.0,-20.000000000000064,9.999999999999748,-6.394884621840902e-14,-2.5224267119483557e-13
ideal_half_lambda,ideal_half_lambda,0.0,10.0,-9.559249454234449e-14,9.999999999999762,-9.559249454234449e-14,-2.3803181647963356e-13
ideal_half_lambda,ideal_half_lambda,20.0,10.0,19.99999999999983,9.999999999999726,-1.7053025658242404e-13,-2.7355895326763857e-13
ideal_half_lambda,ideal_half_lambda,40.0,10.0,39.99999999999977,9.999999999999737,-2.2737367544323206e-13,-2.6290081223123707e-13
ideal_half_lambda,ideal_half_lambda,60.0,10.0,59.999999999999574,9.999999999999682,-4.263256414560601e-13,-3.1796787425264483e-13
ideal_half_lambda,ideal_half_lambda,-60.0,20.0,-59.99999999999994,19.99999999999949,5.684341886080802e-14,-5.115907697472721e-13
ideal_half_lambda,ideal_half_lambda,-40.0,20.0,-40.00000000000006,19.999999999999428,-5.684341886080802e-14,-5.719869022868806e-13
ideal_half_lambda,ideal_half_lambda,-20.0,20.0,-20.000000000000114,19.999999999999385,-1.1368683772161603e-13,-6.146194664324867e-13
ideal_half_lambda,ideal_half_lambda,0.0,20.0,-1.9362072473925628e-13,19.999999999999403,-1.9362072473925628e-13,-5.968558980384842e-13
ideal_half_lambda,ideal_half_lambda,20.0,20.0,19.999999999999755,19.999999999999464,-2.4513724383723456e-13,-5.364597654988756e-13
ideal_half_lambda,ideal_half_lambda,40.0,20.0,39.999999999999496,19.99999999999942,-5.044853423896711e-13,-5.790923296444817e-13
ideal_half_lambda,ideal_half_lambda,60.0,20.0,59.99999999999926,19.9999999999994,-7.389644451905042e-13,-6.004086117172847e-13
ideal_half_lambda,cfg_candidate,-60.0,-20.0,-18.090594814144982,2.78620482215705,41.90940518585502,22.78620482215705
ideal_half_lambda,cfg_candidate,-40.0,-20.0,-14.030203551778929,2.921724482088893,25.96979644822107,22.921724482088894
ideal_half_lambda,cfg_candidate,-20.0,-20.0,-8.666096372772214,3.104335637924215,11.333903627227786,23.104335637924216
ideal_half_lambda,cfg_candidate,0.0,-20.0,-2.6535291666376204,3.3120318490555483,-2.6535291666376204,23.312031849055547
ideal_half_lambda,cfg_candidate,20.0,-20.0,3.3322834512431534,3.519771639863485,-16.667716548756847,23.519771639863485
ideal_half_lambda,cfg_candidate,40.0,-20.0,8.626544337958306,3.7024931471771754,-31.373455662041692,23.702493147177176
ideal_half_lambda,cfg_candidate,60.0,-20.0,12.60361701063775,3.838138300912063,-47.39638298936225,23.838138300912064
ideal_half_lambda,cfg_candidate,-60.0,-10.0,-17.465434874352873,1.1304094612698175,42.53456512564713,11.130409461269817
ideal_half_lambda,cfg_candidate,-40.0,-10.0,-13.22801559525655,1.2722905236920548,26.77198440474345,11.272290523692055
ideal_half_lambda,cfg_candidate,-20.0,-10.0,-7.628505349801286,1.4634588607304977,12.371494650198713,11.463458860730498
ideal_half_lambda,cfg_candidate,0.0,-10.0,-1.3452033960330996,1.6808673940593264,-1.3452033960330996,11.680867394059327
ideal_half_lambda,cfg_candidate,20.0,-10.0,4.923258730199295,1.8983001386231693,-15.076741269800705,11.898300138623169
ideal_half_lambda,cfg_candidate,40.0,-10.0,10.483917389721295,2.0895297830032202,-29.516082610278705,12.08952978300322
ideal_half_lambda,cfg_candidate,60.0,-10.0,14.674779586301492,2.2314805656423267,-45.32522041369851,12.231480565642327
ideal_half_lambda,cfg_candidate,-60.0,0.0,-16.31311865080343,-0.5587881440491972,43.68688134919657,-0.5587881440491972
ideal_half_lambda,cfg_candidate,-40.0,0.0,-12.033122450880052,-0.41474480618875276,27.96687754911995,-0.41474480618875276
ideal_half_lambda,cfg_candidate,-20.0,0.0,-6.368713987021639,-0.22067972040648465,13.63128601297836,-0.22067972040648465
ideal_half_lambda,cfg_candidate,0.0,0.0,1.128166159041065e-16,1.4485727629312557e-16,1.128166159041065e-16,1.4485727629312557e-16
ideal_half_lambda,cfg_candidate,20.0,0.0,6.368713987021646,0.22067972040634354,-13.631286012978354,0.22067972040634354
ideal_half_lambda,cfg_candidate,40.0,0.0,12.03312245088006,0.41474480618882015,-27.966877549119943,0.41474480618882015
ideal_half_lambda,cfg_candidate,60.0,0.0,16.313118650803414,0.5587881440491816,-43.68688134919658,0.5587881440491816
ideal_half_lambda,cfg_candidate,-60.0,10.0,-14.6747795863015,-2.2314805656423817,45.3252204136985,-12.231480565642382
ideal_half_lambda,cfg_candidate,-40.0,10.0,-10.483917389721297,-2.089529783003149,29.5160826102787,-12.08952978300315
ideal_half_lambda,cfg_candidate,-20.0,10.0,-4.923258730199285,-1.8983001386232277,15.076741269800715,-11.898300138623227
ideal_half_lambda,cfg_candidate,0.0,10.0,1.345203396033107,-1.6808673940593342,1.345203396033107,-11.680867394059334
ideal_half_lambda,cfg_candidate,20.0,10.0,7.628505349801286,-1.4634588607305448,-12.371494650198713,-11.463458860730544
ideal_half_lambda,cfg_candidate,40.0,10.0,13.228015595256538,-1.272290523691969,-26.771984404743463,-11.27229052369197
ideal_half_lambda,cfg_candidate,60.0,10.0,17.465434874352873,-1.130409461269906,-42.53456512564713,-11.130409461269906
ideal_half_lambda,cfg_candidate,-60.0,20.0,-12.603617010637745,-3.838138300912021,47.39638298936225,-23.83813830091202
ideal_half_lambda,cfg_candidate,-40.0,20.0,-8.626544337958302,-3.702493147177231,31.3734556620417,-23.70249314717723
ideal_half_lambda,cfg_candidate,-20.0,20.0,-3.3322834512431605,-3.519771639863441,16.66771654875684,-23.519771639863443
ideal_half_lambda,cfg_candidate,0.0,20.0,2.653529166637618,-3.31203184905555,2.653529166637618,-23.31203184905555
ideal_half_lambda,cfg_candidate,20.0,20.0,8.666096372772223,-3.1043356379241502,-11.333903627227777,-23.10433563792415
ideal_half_lambda,cfg_candidate,40.0,20.0,14.030203551778923,-2.9217244820889774,-25.969796448221075,-22.921724482088976
ideal_half_lambda,cfg_candidate,60.0,20.0,18.09059481414499,-2.786204822156966,-41.90940518585501,-22.786204822156968
ideal_half_lambda,pcb_centroid_candidate,-60.0,-20.0,-0.017719754873859937,-0.0028487474502301995,59.98228024512614,19.99715125254977
ideal_half_lambda,pcb_centroid_candidate,-40.0,-20.0,-0.013815160565787339,-0.0029433162559364535,39.986184839434216,19.997056683744063
ideal_half_lambda,pcb_centroid_candidate,-20.0,-20.0,-0.008554514982603732,-0.0030707284632055195,19.991445485017397,19.996929271536793
ideal_half_lambda,pcb_centroid_candidate,0.0,-20.0,-0.002572329632091343,-0.0032156162794458763,-0.002572329632091343,19.996784383720556
ideal_half_lambda,pcb_centroid_candidate,20.0,-20.0,0.0034098556920611153,-0.003360504095706788,-19.996590144307937,19.996639495904294
ideal_half_lambda,pcb_centroid_candidate,40.0,-20.0,0.008670501208499047,-0.003487916303027885,-39.9913294987915,19.996512083696974
ideal_half_lambda,pcb_centroid_candidate,60.0,-20.0,0.012575095440671239,-0.0035824851087934355,-59.987424904559326,19.996417514891206
ideal_half_lambda,pcb_centroid_candidate,-60.0,-10.0,-0.017180666944881327,-0.0012481287788471082,59.98281933305512,9.998751871221152
ideal_half_lambda,pcb_centroid_candidate,-40.0,-10.0,-0.013088611045608602,-0.0013472378820767877,39.98691138895439,9.998652762117922
ideal_half_lambda,pcb_centroid_candidate,-20.0,-10.0,-0.007575399147972029,-0.0014807672156447575,19.99242460085203,9.998519232784355
ideal_half_lambda,pcb_centroid_candidate,0.0,-10.0,-0.0013060059796316326,-0.001632611171245047,-0.0013060059796316326,9.998367388828754
ideal_half_lambda,pcb_centroid_candidate,20.0,-10.0,0.0049633871740095694,-0.0017844551268566718,-19.99503661282599,9.998215544873144
ideal_half_lambda,pcb_centroid_candidate,40.0,-10.0,0.010476599034426402,-0.0019179844604538538,-39.989523400965574,9.998082015539547
ideal_half_lambda,pcb_centroid_candidate,60.0,-10.0,0.014568654891374452,-0.0020170935637164058,-59.98543134510862,9.997982906436283
ideal_half_lambda,pcb_centroid_candidate,-60.0,0.0,-0.016119553146875045,0.00039041365292125086,59.98388044685313,0.00039041365292125086
ideal_half_lambda,pcb_centroid_candidate,-40.0,0.0,-0.011964370709822267,0.00028977563204596524,39.98803562929018,0.00028977563204596524
ideal_half_lambda,pcb_centroid_candidate,-20.0,0.0,-0.0063661086523021096,0.00015418639331371382,19.9936338913477,0.00015418639331371382
ideal_half_lambda,pcb_centroid_candidate,0.0,0.0,1.6718038827459723e-20,4.927118241262775e-19,1.6718038827459723e-20,4.927118241262775e-19
ideal_half_lambda,pcb_centroid_candidate,20.0,0.0,0.006366108652302119,-0.00015418639331356849,-19.9936338913477,-0.00015418639331356849
ideal_half_lambda,pcb_centroid_candidate,40.0,0.0,0.011964370709822272,-0.00028977563204602927,-39.98803562929018,-0.00028977563204602927
ideal_half_lambda,pcb_centroid_candidate,60.0,0.0,0.01611955314687503,-0.00039041365292123703,-59.98388044685313,-0.00039041365292123703
ideal_half_lambda,pcb_centroid_candidate,-60.0,10.0,-0.014568654891374452,0.002017093563716477,59.98543134510862,-9.997982906436283
ideal_half_lambda,pcb_centroid_candidate,-40.0,10.0,-0.010476599034426399,0.001917984460453779,39.989523400965574,-9.998082015539547
ideal_half_lambda,pcb_centroid_candidate,-20.0,10.0,-0.004963387174009558,0.0017844551268567307,19.99503661282599,-9.998215544873144
ideal_half_lambda,pcb_centroid_candidate,0.0,10.0,0.0013060059796316398,0.0016326111712450589,0.0013060059796316398,-9.998367388828754
ideal_half_lambda,pcb_centroid_candidate,20.0,10.0,0.007575399147972028,0.001480767215644802,-19.99242460085203,-9.998519232784355
ideal_half_lambda,pcb_centroid_candidate,40.0,10.0,0.013088611045608583,0.001347237882076699,-39.98691138895439,-9.998652762117922
ideal_half_lambda,pcb_centroid_candidate,60.0,10.0,0.017180666944881327,0.00124812877884721,-59.98281933305512,-9.998751871221152
ideal_half_lambda,pcb_centroid_candidate,-60.0,20.0,-0.012575095440671239,0.0035824851087934003,59.987424904559326,-19.996417514891206
ideal_half_lambda,pcb_centroid_candidate,-40.0,20.0,-0.008670501208499036,0.00348791630302794,39.9913294987915,-19.99651208369697
ideal_half_lambda,pcb_centroid_candidate,-20.0,20.0,-0.003409855692061123,0.0033605040957067484,19.996590144307937,-19.996639495904294
ideal_half_lambda,pcb_centroid_candidate,0.0,20.0,0.0025723296320913414,0.0032156162794458763,0.0025723296320913414,-19.996784383720556
ideal_half_lambda,pcb_centroid_candidate,20.0,20.0,0.008554514982603739,0.003070728463205464,-19.991445485017397,-19.996929271536793
ideal_half_lambda,pcb_centroid_candidate,40.0,20.0,0.013815160565787323,0.002943316255936528,-39.986184839434216,-19.997056683744063
ideal_half_lambda,pcb_centroid_candidate,60.0,20.0,0.01771975487385995,0.0028487474502301344,-59.98228024512614,-19.99715125254977
cfg_candidate,ideal_half_lambda,-60.0,-20.0,47.6366750271382,-54.46865223719364,107.63667502713821,-34.46865223719364
cfg_candidate,ideal_half_lambda,-40.0,-20.0,-16.412410263598932,-37.15855414405035,23.587589736401068,-17.15855414405035
cfg_candidate,ideal_half_lambda,-20.0,-20.0,32.56167332145276,-18.747237251036978,52.56167332145276,1.252762748963022
cfg_candidate,ideal_half_lambda,0.0,-20.0,-3.1369767272186495,2.258591001794856e-15,-3.1369767272186495,20.000000000000004
cfg_candidate,ideal_half_lambda,20.0,-20.0,-26.26862057704005,18.747237251036967,-46.26862057704005,38.747237251036964
cfg_candidate,ideal_half_lambda,40.0,-20.0,23.33908529233741,37.15855414405039,-16.66091470766259,57.15855414405039
cfg_candidate,ideal_half_lambda,60.0,-20.0,-68.00472220457691,54.468652237193574,-128.00472220457692,74.46865223719357
cfg_candidate,ideal_half_lambda,-60.0,-10.0,42.80064736682241,-58.525051110811695,102.8006473668224,-48.525051110811695
cfg_candidate,ideal_half_lambda,-40.0,-10.0,-20.70037367502245,-39.273450207348205,19.29962632497755,-29.273450207348205
cfg_candidate,ideal_half_lambda,-20.0,-10.0,-18.805875651702046,-19.683498079413067,1.1941243482979544,-9.683498079413067
cfg_candidate,ideal_half_lambda,0.0,-10.0,-1.592094108939551,2.0890981342954166e-16,-1.592094108939551,10.0
cfg_candidate,ideal_half_lambda,20.0,-10.0,15.268749425897095,19.683498079413187,-4.731250574102905,29.683498079413187
cfg_candidate,ideal_half_lambda,40.0,-10.0,32.68732440930446,39.27345020734825,-7.312675590695541,49.27345020734825
cfg_candidate,ideal_half_lambda,60.0,-10.0,-51.80167326242625,58.52505111081201,-111.80167326242625,68.525051110812
cfg_candidate,ideal_half_lambda,-60.0,0.0,44.16027676435674,-59.99999999999726,104.16027676435674,-59.99999999999726
cfg_candidate,ideal_half_lambda,-40.0,0.0,25.413980370637777,-39.99999999999864,65.41398037063777,-39.99999999999864
cfg_candidate,ideal_half_lambda,-20.0,0.0,-17.92765841991209,-19.999999999999385,2.0723415800879117,-19.999999999999385
cfg_candidate,ideal_half_lambda,0.0,0.0,-8.428177446126813e-17,-5.1734741533259134e-17,-8.428177446126813e-17,-5.1734741533259134e-17
cfg_candidate,ideal_half_lambda,20.0,0.0,17.92765841991207,19.999999999999435,-2.0723415800879295,19.999999999999435
cfg_candidate,ideal_half_lambda,40.0,0.0,-25.41398037063779,39.99999999999868,-65.41398037063779,39.99999999999868
cfg_candidate,ideal_half_lambda,60.0,0.0,-44.16027676435676,59.99999999999726,-104.16027676435675,59.99999999999726
cfg_candidate,ideal_half_lambda,-60.0,10.0,51.80167326242591,-58.52505111081186,111.80167326242591,-68.52505111081186
cfg_candidate,ideal_half_lambda,-40.0,10.0,-32.687324409304374,-39.27345020734826,7.312675590695626,-49.27345020734826
cfg_candidate,ideal_half_lambda,-20.0,10.0,-15.268749425897026,-19.6834980794131,4.731250574102974,-29.6834980794131
cfg_candidate,ideal_half_lambda,0.0,10.0,1.5920941089395153,-9.381233131364322e-16,1.5920941089395153,-10.000000000000002
cfg_candidate,ideal_half_lambda,20.0,10.0,18.805875651702102,19.6834980794131,-1.1941243482978976,9.683498079413098
cfg_candidate,ideal_half_lambda,40.0,10.0,20.700373675022377,39.27345020734817,-19.299626324977623,29.27345020734817
cfg_candidate,ideal_half_lambda,60.0,10.0,-42.80064736682262,58.52505111081183,-102.80064736682263,48.52505111081183
cfg_candidate,ideal_half_lambda,-60.0,20.0,68.00472220457726,-54.46865223719363,128.00472220457726,-74.46865223719362
cfg_candidate,ideal_half_lambda,-40.0,20.0,-23.339085292337423,-37.15855414405036,16.660914707662577,-57.15855414405036
cfg_candidate,ideal_half_lambda,-20.0,20.0,26.268620577040064,-18.747237251036957,46.26862057704007,-38.74723725103696
cfg_candidate,ideal_half_lambda,0.0,20.0,3.136976727218653,1.994497464063171e-15,3.136976727218653,-19.999999999999996
cfg_candidate,ideal_half_lambda,20.0,20.0,-32.561673321452815,18.747237251036996,-52.561673321452815,-1.2527627489630042
cfg_candidate,ideal_half_lambda,40.0,20.0,16.412410263598893,37.158554144050385,-23.587589736401107,17.158554144050385
cfg_candidate,ideal_half_lambda,60.0,20.0,-47.63667502713812,54.46865223719357,-107.63667502713812,34.46865223719357
cfg_candidate,cfg_candidate,-60.0,-20.0,2.972113606476195,-9.968180002048754,62.97211360647619,10.031819997951246
cfg_candidate,cfg_candidate,-40.0,-20.0,-10.631768197639726,21.557779702925966,29.368231802360274,41.55777970292597
cfg_candidate,cfg_candidate,-20.0,-20.0,6.856914997703822,21.557779702926002,26.85691499770382,41.557779702926
cfg_candidate,cfg_candidate,0.0,-20.0,-4.5751055661125764e-14,-20.0,-4.5751055661125764e-14,0.0
cfg_candidate,cfg_candidate,20.0,-20.0,-6.505208616696834,11.450449214344948,-26.505208616696834,31.45044921434495
cfg_candidate,cfg_candidate,40.0,-20.0,10.083016823685895,11.450449214345044,-29.916983176314105,31.450449214345042
cfg_candidate,cfg_candidate,60.0,-20.0,-3.405770329010038,-30.726400470414124,-63.40577032901004,-10.726400470414124
cfg_candidate,cfg_candidate,-60.0,-10.0,0.6873634198032101,-0.2709675765646117,60.68736341980321,9.729032423435388
cfg_candidate,cfg_candidate,-40.0,-10.0,-13.743196539069432,32.3989472870638,26.25680346093057,42.3989472870638
cfg_candidate,cfg_candidate,-20.0,-10.0,-6.929772247160059,-1.5616053819031568,13.07022775283994,8.438394618096844
cfg_candidate,cfg_candidate,0.0,-10.0,-2.260109849394398e-14,-10.000000000000417,-2.260109849394398e-14,-4.1744385725905886e-13
cfg_candidate,cfg_candidate,20.0,-10.0,7.313812961244968,-18.6656205559459,-12.686187038755033,-8.6656205559459
cfg_candidate,cfg_candidate,40.0,-10.0,12.452307219971695,21.524088439256072,-27.547692780028306,31.524088439256072
cfg_candidate,cfg_candidate,60.0,-10.0,-0.7316261613833684,-20.033352858885195,-60.73162616138337,-10.033352858885195
cfg_candidate,cfg_candidate,-60.0,0.0,-0.0674634505576458,9.724968674992517,59.932536549442354,9.724968674992517
cfg_candidate,cfg_candidate,-40.0,0.0,0.3358999255041091,1.290554608867977,40.33589992550411,1.290554608867977
cfg_candidate,cfg_candidate,-20.0,0.0,-7.306324694816565,8.418149779354954,12.693675305183435,8.418149779354954
cfg_candidate,cfg_candidate,0.0,0.0,1.128166159041065e-16,1.4485727629312557e-16,1.128166159041065e-16,1.4485727629312557e-16
cfg_candidate,cfg_candidate,20.0,0.0,7.306324694816563,-8.418149779354964,-12.693675305183437,-8.418149779354964
cfg_candidate,cfg_candidate,40.0,0.0,-0.3358999255041071,-1.2905546088679625,-40.33589992550411,-1.2905546088679625
cfg_candidate,cfg_candidate,60.0,0.0,0.06746345055765025,-9.724968674992557,-59.93253654944235,-9.724968674992557
cfg_candidate,cfg_candidate,-60.0,10.0,0.7316261613833693,20.033352858885173,60.73162616138337,10.033352858885173
cfg_candidate,cfg_candidate,-40.0,10.0,-12.45230721997167,-21.52408843925603,27.547692780028328,-31.52408843925603
cfg_candidate,cfg_candidate,-20.0,10.0,-7.313812961244942,18.66562055594591,12.686187038755058,8.66562055594591
cfg_candidate,cfg_candidate,0.0,10.0,2.2903859471582398e-14,10.000000000000181,2.2903859471582398e-14,1.8118839761882555e-13
cfg_candidate,cfg_candidate,20.0,10.0,6.9297722471600744,1.561605381903157,-13.070227752839926,-8.438394618096844
cfg_candidate,cfg_candidate,40.0,10.0,13.74319653906942,-32.39894728706385,-26.25680346093058,-42.39894728706385
cfg_candidate,cfg_candidate,60.0,10.0,-0.6873634198031966,0.27096757656454545,-60.6873634198032,-9.729032423435454
cfg_candidate,cfg_candidate,-60.0,20.0,3.4057703290100485,30.726400470414035,63.405770329010046,10.726400470414035
cfg_candidate,cfg_candidate,-40.0,20.0,-10.083016823685892,-11.450449214344989,29.91698317631411,-31.45044921434499
cfg_candidate,cfg_candidate,-20.0,20.0,6.505208616696835,-11.450449214344923,26.505208616696834,-31.45044921434492
cfg_candidate,cfg_candidate,0.0,20.0,4.611970851792406e-14,20.000000000000018,4.611970851792406e-14,1.7763568394002505e-14
cfg_candidate,cfg_candidate,20.0,20.0,-6.856914997703823,-21.557779702926037,-26.856914997703825,-41.55777970292604
cfg_candidate,cfg_candidate,40.0,20.0,10.631768197639708,-21.55777970292592,-29.36823180236029,-41.55777970292592
cfg_candidate,cfg_candidate,60.0,20.0,-2.9721136064762153,9.968180002048749,-62.97211360647621,-10.031819997951251
cfg_candidate,pcb_centroid_candidate,-60.0,-20.0,0.0031216542558154597,0.010122382259866919,60.003121654255814,20.010122382259866
cfg_candidate,pcb_centroid_candidate,-40.0,-20.0,-0.009706055961591435,-0.020840138203869568,39.990293944038406,19.97915986179613
cfg_candidate,pcb_centroid_candidate,-20.0,-20.0,0.0064479823724449435,-0.020757219295592894,20.006447982372446,19.979242780704407
cfg_candidate,pcb_centroid_candidate,0.0,-20.0,1.9844609499201645e-18,0.019469586766690104,1.9844609499201645e-18,20.01946958676669
cfg_candidate,pcb_centroid_candidate,20.0,-20.0,-0.006447982078285004,-0.011460186403733958,-20.006447982078285,19.988539813596265
cfg_candidate,pcb_centroid_candidate,40.0,-20.0,0.009706055510898216,-0.011377267499273865,-39.9902939444891,19.988622732500726
cfg_candidate,pcb_centroid_candidate,60.0,-20.0,-0.0031216546019206064,0.02881679179168663,-60.00312165460192,20.028816791791687
cfg_candidate,pcb_centroid_candidate,-60.0,-10.0,0.0008885074149834087,0.0005263011133942305,60.000888507414984,10.000526301113394
cfg_candidate,pcb_centroid_candidate,-40.0,-10.0,-0.011363559237932655,-0.030433265477778398,39.988636440762065,9.969566734522221
cfg_candidate,pcb_centroid_candidate,-20.0,-10.0,-0.006842794263265386,0.0015793221629509145,19.993157205736736,10.00157932216295
cfg_candidate,pcb_centroid_candidate,0.0,-10.0,1.3837153004193482e-18,0.009884968121460067,1.3837153004193482e-18,10.00988496812146
cfg_candidate,pcb_centroid_candidate,20.0,-10.0,0.006842794605533946,0.018190614287687847,-19.993157205394468,10.018190614287688
cfg_candidate,pcb_centroid_candidate,40.0,-10.0,0.01136355839480654,-0.020953378228312895,-39.988636441605195,9.979046621771687
cfg_candidate,pcb_centroid_candidate,60.0,-10.0,-0.0008885074650599987,0.019243635393254323,-60.00088850746506,10.019243635393254
cfg_candidate,pcb_centroid_candidate,-60.0,0.0,0.00013650878724233615,-0.009362527020365104,60.00013650878724,-0.009362527020365104
cfg_candidate,pcb_centroid_candidate,-40.0,0.0,0.0004871262373759847,-0.001090205504932816,40.000487126237374,-0.001090205504932816
cfg_candidate,pcb_centroid_candidate,-20.0,0.0,-0.007139781791077992,-0.00830717037959809,19.99286021820892,-0.00830717037959809
cfg_candidate,pcb_centroid_candidate,0.0,0.0,1.6718038827459723e-20,4.927118241262775e-19,1.6718038827459723e-20,4.927118241262775e-19
cfg_candidate,pcb_centroid_candidate,20.0,0.0,0.0071397817910779865,0.008307170379598099,-19.99286021820892,0.008307170379598099
cfg_candidate,pcb_centroid_candidate,40.0,0.0,-0.0004871262373759831,0.001090205504932804,-40.000487126237374,0.001090205504932804
cfg_candidate,pcb_centroid_candidate,60.0,0.0,-0.00013650878724233488,0.009362527020365134,-60.00013650878724,0.009362527020365134
cfg_candidate,pcb_centroid_candidate,-60.0,10.0,0.0008885074650599994,-0.0192436353932543,60.00088850746506,-10.019243635393254
cfg_candidate,pcb_centroid_candidate,-40.0,10.0,-0.011363558394806524,0.02095337822831284,39.988636441605195,-9.979046621771687
cfg_candidate,pcb_centroid_candidate,-20.0,10.0,-0.006842794605533928,-0.018190614287687867,19.993157205394468,-10.018190614287688
cfg_candidate,pcb_centroid_candidate,0.0,10.0,-1.2807068953148895e-18,-0.009884968121459833,-1.2807068953148895e-18,-10.00988496812146
cfg_candidate,pcb_centroid_candidate,20.0,10.0,0.006842794263265401,-0.0015793221629509145,-19.993157205736736,-10.00157932216295
cfg_candidate,pcb_centroid_candidate,40.0,10.0,0.011363559237932641,0.030433265477778446,-39.988636440762065,-9.969566734522221
cfg_candidate,pcb_centroid_candidate,60.0,10.0,-0.0008885074149833935,-0.0005263011133941674,-60.000888507414984,-10.000526301113394
cfg_candidate,pcb_centroid_candidate,-60.0,20.0,0.0031216546019206194,-0.028816791791686554,60.00312165460192,-20.028816791791687
cfg_candidate,pcb_centroid_candidate,-40.0,20.0,-0.009706055510898216,0.011377267499273818,39.9902939444891,-19.988622732500726
cfg_candidate,pcb_centroid_candidate,-20.0,20.0,0.00644798207828501,0.011460186403733922,20.006447982078285,-19.988539813596265
cfg_candidate,pcb_centroid_candidate,0.0,20.0,-2.0521199525360554e-18,-0.019469586766690125,-2.0521199525360554e-18,-20.01946958676669
cfg_candidate,pcb_centroid_candidate,20.0,20.0,-0.0064479823724449435,0.020757219295592926,-20.006447982372446,-19.979242780704407
cfg_candidate,pcb_centroid_candidate,40.0,20.0,0.009706055961591423,0.020840138203869506,-39.990293944038406,-19.97915986179613
cfg_candidate,pcb_centroid_candidate,60.0,20.0,-0.003121654255815477,-0.010122382259866919,-60.003121654255814,-20.010122382259866
pcb_centroid_candidate,ideal_half_lambda,-60.0,-20.0,-3.0595916623207,-15.878556970372296,56.9404083376793,4.121443029627704
pcb_centroid_candidate,ideal_half_lambda,-40.0,-20.0,18.735782256799062,27.938995837372076,58.73578225679906,47.938995837372076
pcb_centroid_candidate,ideal_half_lambda,-20.0,-20.0,3.7500266485073634,18.472977694144447,23.750026648507365,38.47297769414445
pcb_centroid_candidate,ideal_half_lambda,0.0,-20.0,4.554502235327773,6.070209673235738e-16,4.554502235327773,20.0
pcb_centroid_candidate,ideal_half_lambda,20.0,-20.0,-6.247660372449427,-18.472977694145403,-26.247660372449428,1.5270223058545973
pcb_centroid_candidate,ideal_half_lambda,40.0,-20.0,32.528604771153155,-27.938995837367408,-7.471395228846845,-7.938995837367408
pcb_centroid_candidate,ideal_half_lambda,60.0,-20.0,-37.82461280788168,15.878556970371255,-97.82461280788168,35.87855697037126
pcb_centroid_candidate,ideal_half_lambda,-60.0,-10.0,25.54853839273535,-24.02207081386057,85.54853839273535,-14.02207081386057
pcb_centroid_candidate,ideal_half_lambda,-40.0,-10.0,-18.705153241835838,9.486678587688498,21.294846758164162,19.4866785876885
pcb_centroid_candidate,ideal_half_lambda,-20.0,-10.0,-2.613608786132369,-48.00761200929577,17.386391213867633,-38.00761200929577
pcb_centroid_candidate,ideal_half_lambda,0.0,-10.0,-2.031675378066472,-1.3007592156933728e-16,-2.031675378066472,10.0
pcb_centroid_candidate,ideal_half_lambda,20.0,-10.0,-3.4616089704811994,48.00761200929544,-23.4616089704812,58.00761200929544
pcb_centroid_candidate,ideal_half_lambda,40.0,-10.0,14.407168118890398,-9.486678587691895,-25.592831881109603,0.5133214123081054
pcb_centroid_candidate,ideal_half_lambda,60.0,-10.0,21.528028519347462,24.022070813861905,-38.47197148065254,34.0220708138619
pcb_centroid_candidate,ideal_half_lambda,-60.0,0.0,-17.587897096503877,48.737018150963436,42.41210290349612,48.737018150963436
pcb_centroid_candidate,ideal_half_lambda,-40.0,0.0,12.334807463400724,39.324723439084885,52.33480746340072,39.324723439084885
pcb_centroid_candidate,ideal_half_lambda,-20.0,0.0,-37.04461072040678,10.682822005456703,-17.04461072040678,10.682822005456703
pcb_centroid_candidate,ideal_half_lambda,0.0,0.0,-8.428177446126813e-17,-5.1734741533259134e-17,-8.428177446126813e-17,-5.1734741533259134e-17
pcb_centroid_candidate,ideal_half_lambda,20.0,0.0,37.04461072040679,-10.682822005456742,17.044610720406787,-10.682822005456742
pcb_centroid_candidate,ideal_half_lambda,40.0,0.0,-12.334807463400734,-39.324723439084835,-52.334807463400736,-39.324723439084835
pcb_centroid_candidate,ideal_half_lambda,60.0,0.0,17.587897096503855,-48.73701815096334,-42.41210290349615,-48.73701815096334
pcb_centroid_candidate,ideal_half_lambda,-60.0,10.0,-21.528028519347536,-24.022070813861944,38.47197148065246,-34.022070813861944
pcb_centroid_candidate,ideal_half_lambda,-40.0,10.0,-14.407168118890414,9.486678587691854,25.592831881109586,-0.5133214123081462
pcb_centroid_candidate,ideal_half_lambda,-20.0,10.0,3.4616089704812323,-48.00761200929542,23.461608970481233,-58.00761200929542
pcb_centroid_candidate,ideal_half_lambda,0.0,10.0,2.0316753780664927,1.1036744860428615e-16,2.0316753780664927,-10.0
pcb_centroid_candidate,ideal_half_lambda,20.0,10.0,2.6136087861323976,48.00761200929577,-17.386391213867604,38.00761200929577
pcb_centroid_candidate,ideal_half_lambda,40.0,10.0,18.705153241835824,-9.486678587688484,-21.294846758164176,-19.486678587688484
pcb_centroid_candidate,ideal_half_lambda,60.0,10.0,-25.54853839273539,24.022070813860545,-85.5485383927354,14.022070813860545
pcb_centroid_candidate,ideal_half_lambda,-60.0,20.0,37.82461280788181,-15.878556970371234,97.8246128078818,-35.878556970371235
pcb_centroid_candidate,ideal_half_lambda,-40.0,20.0,-32.528604771153184,27.938995837367393,7.471395228846816,7.9389958373673934
pcb_centroid_candidate,ideal_half_lambda,-20.0,20.0,6.2476603724494275,18.472977694145488,26.247660372449428,-1.527022305854512
pcb_centroid_candidate,ideal_half_lambda,0.0,20.0,-4.554502235327771,-1.0642575401127595e-15,-4.554502235327771,-20.0
pcb_centroid_candidate,ideal_half_lambda,20.0,20.0,-3.750026648507381,-18.472977694144408,-23.75002664850738,-38.472977694144404
pcb_centroid_candidate,ideal_half_lambda,40.0,20.0,-18.73578225679909,-27.938995837372104,-58.73578225679909,-47.938995837372104
pcb_centroid_candidate,ideal_half_lambda,60.0,20.0,3.0595916623207975,15.878556970372324,-56.9404083376792,-4.121443029627676
pcb_centroid_candidate,cfg_candidate,-60.0,-20.0,-4.612276994401628,23.889171627023202,55.387723005598374,43.8891716270232
pcb_centroid_candidate,cfg_candidate,-40.0,-20.0,8.325285693911878,19.550989799360185,48.32528569391188,39.55098979936018
pcb_centroid_candidate,cfg_candidate,-20.0,-20.0,4.302207475094132,-13.169021039028216,24.302207475094132,6.830978960971784
pcb_centroid_candidate,cfg_candidate,0.0,-20.0,7.075325392252001e-14,29.755251016087833,7.075325392252001e-14,49.75525101608783
pcb_centroid_candidate,cfg_candidate,20.0,-20.0,-4.190701729268324,-1.6952526121623226,-24.190701729268323,18.30474738783768
pcb_centroid_candidate,cfg_candidate,40.0,-20.0,4.577359939980044,-1.6612613765203899,-35.42264006001996,18.33873862347961
pcb_centroid_candidate,cfg_candidate,60.0,-20.0,-8.206178450722682,1.4073420508301204,-68.20617845072269,21.40734205083012
pcb_centroid_candidate,cfg_candidate,-60.0,-10.0,3.7970624702432625,20.998550818382277,63.79706247024326,30.998550818382277
pcb_centroid_candidate,cfg_candidate,-40.0,-10.0,-4.055219174009726,-21.59511942277159,35.94478082599027,-11.595119422771589
pcb_centroid_candidate,cfg_candidate,-20.0,-10.0,-5.56669784169531,-8.575922879969628,14.43330215830469,1.424077120030372
pcb_centroid_candidate,cfg_candidate,0.0,-10.0,-2.8309961844800397e-14,-12.801555048089416,-2.8309961844800397e-14,-2.8015550480894156
pcb_centroid_candidate,cfg_candidate,20.0,-10.0,5.759667996692103,-17.09938689030377,-14.240332003307897,-7.099386890303769
pcb_centroid_candidate,cfg_candidate,40.0,-10.0,3.7808412624367396,-4.307231047783776,-36.21915873756326,5.692768952216224
pcb_centroid_candidate,cfg_candidate,60.0,-10.0,9.147483943542657,-13.793967053864053,-50.85251605645735,-3.793967053864053
pcb_centroid_candidate,cfg_candidate,-60.0,0.0,0.5736780444627777,19.95304936185809,60.57367804446278,19.95304936185809
pcb_centroid_candidate,cfg_candidate,-40.0,0.0,8.57169190612154,-11.434117163523075,48.57169190612154,-11.434117163523075
pcb_centroid_candidate,cfg_candidate,-20.0,0.0,-9.803442823357326,-7.123608957354042,10.196557176642674,-7.123608957354042
pcb_centroid_candidate,cfg_candidate,0.0,0.0,1.128166159041065e-16,1.4485727629312557e-16,1.128166159041065e-16,1.4485727629312557e-16
pcb_centroid_candidate,cfg_candidate,20.0,0.0,9.803442823357326,7.123608957354004,-10.196557176642674,7.123608957354004
pcb_centroid_candidate,cfg_candidate,40.0,0.0,-8.571691906121536,11.434117163523046,-48.571691906121536,11.434117163523046
pcb_centroid_candidate,cfg_candidate,60.0,0.0,-0.5736780444627708,-19.95304936185801,-60.573678044462774,-19.95304936185801
pcb_centroid_candidate,cfg_candidate,-60.0,10.0,-9.14748394354267,13.793967053863923,50.85251605645733,3.7939670538639234
pcb_centroid_candidate,cfg_candidate,-40.0,10.0,-3.7808412624367493,4.307231047783785,36.21915873756325,-5.692768952216215
pcb_centroid_candidate,cfg_candidate,-20.0,10.0,-5.759667996692095,17.0993868903038,14.240332003307905,7.099386890303801
pcb_centroid_candidate,cfg_candidate,0.0,10.0,2.84977934419011e-14,12.801555048089549,2.84977934419011e-14,2.801555048089549
pcb_centroid_candidate,cfg_candidate,20.0,10.0,5.566697841695318,8.575922879969678,-14.43330215830468,-1.4240771200303222
pcb_centroid_candidate,cfg_candidate,40.0,10.0,4.0552191740097205,21.595119422771674,-35.94478082599028,11.595119422771674
pcb_centroid_candidate,cfg_candidate,60.0,10.0,-3.7970624702432754,-20.998550818382355,-63.797062470243276,-30.998550818382355
pcb_centroid_candidate,cfg_candidate,-60.0,20.0,8.206178450722707,-1.4073420508300645,68.2061784507227,-21.407342050830064
pcb_centroid_candidate,cfg_candidate,-40.0,20.0,-4.577359939980052,1.6612613765203963,35.422640060019944,-18.338738623479603
pcb_centroid_candidate,cfg_candidate,-20.0,20.0,4.190701729268322,1.695252612162461,24.190701729268323,-18.30474738783754
pcb_centroid_candidate,cfg_candidate,0.0,20.0,-6.983849776795313e-14,-29.755251016087833,-6.983849776795313e-14,-49.75525101608783
pcb_centroid_candidate,cfg_candidate,20.0,20.0,-4.302207475094143,13.16902103902831,-24.302207475094143,-6.83097896097169
pcb_centroid_candidate,cfg_candidate,40.0,20.0,-8.32528569391189,-19.5509897993602,-48.325285693911894,-39.550989799360195
pcb_centroid_candidate,cfg_candidate,60.0,20.0,4.612276994401659,-23.889171627023217,-55.38772300559834,-43.88917162702322
pcb_centroid_candidate,pcb_centroid_candidate,-60.0,-20.0,-0.004155415884134348,-0.02301586652224381,59.995844584115865,19.976984133477757
pcb_centroid_candidate,pcb_centroid_candidate,-40.0,-20.0,0.007720794834596049,-0.019107122901281824,40.0077207948346,19.980892877098718
pcb_centroid_candidate,pcb_centroid_candidate,-20.0,-20.0,0.004117765803431106,0.01291891320430875,20.004117765803432,20.01291891320431
pcb_centroid_candidate,pcb_centroid_candidate,0.0,-20.0,8.022184266786345e-19,-0.028251785130935493,8.022184266786345e-19,19.971748214869063
pcb_centroid_candidate,pcb_centroid_candidate,20.0,-20.0,-0.004117765700643317,0.0017340968860599332,-20.004117765700645,20.00173409688606
pcb_centroid_candidate,pcb_centroid_candidate,40.0,-20.0,0.004688043259822134,0.0018344462011244565,-39.99531195674018,20.001834446201123
pcb_centroid_candidate,pcb_centroid_candidate,60.0,-20.0,-0.008253422120489884,-0.001562015742182173,-60.00825342212049,19.99843798425782
pcb_centroid_candidate,pcb_centroid_candidate,-60.0,-10.0,0.0036436592696912394,-0.020243227958294162,60.00364365926969,9.979756772041705
pcb_centroid_candidate,pcb_centroid_candidate,-40.0,-10.0,-0.00381233606812622,0.020864186592762478,39.99618766393187,10.020864186592762
pcb_centroid_candidate,pcb_centroid_candidate,-20.0,-10.0,-0.005330608828929662,0.008650328237071339,19.99466939117107,10.00865032823707
pcb_centroid_candidate,pcb_centroid_candidate,0.0,-10.0,2.0415332513277295e-19,0.01261321304813292,2.0415332513277295e-19,10.012613213048134
pcb_centroid_candidate,pcb_centroid_candidate,20.0,-10.0,0.005330608991259618,0.01657609791953302,-19.994669391008742,10.016576097919533
pcb_centroid_candidate,pcb_centroid_candidate,40.0,-10.0,0.003812335826408978,0.004362239765069543,-39.99618766417359,10.004362239765069
pcb_centroid_candidate,pcb_centroid_candidate,60.0,-10.0,0.008765178873365195,0.013543967228810877,-59.99123482112663,10.013543967228811
pcb_centroid_candidate,pcb_centroid_candidate,-60.0,0.0,0.00036383002307183095,-0.01964061191516807,60.00036383002307,-0.01964061191516807
pcb_centroid_candidate,pcb_centroid_candidate,-40.0,0.0,0.008235531575708116,0.011184816280077428,40.00823553157571,0.011184816280077428
pcb_centroid_candidate,pcb_centroid_candidate,-20.0,0.0,-0.009739916623733845,0.00690586980864113,19.990260083376267,0.00690586980864113
pcb_centroid_candidate,pcb_centroid_candidate,0.0,0.0,1.6718038827459723e-20,4.927118241262775e-19,1.6718038827459723e-20,4.927118241262775e-19
pcb_centroid_candidate,pcb_centroid_candidate,20.0,0.0,0.009739916623733845,-0.006905869808641094,-19.990260083376267,-0.006905869808641094
pcb_centroid_candidate,pcb_centroid_candidate,40.0,0.0,-0.008235531575708107,-0.011184816280077404,-40.00823553157571,-0.011184816280077404
pcb_centroid_candidate,pcb_centroid_candidate,60.0,0.0,-0.00036383002307182694,0.019640611915167992,-60.00036383002307,0.019640611915167992
pcb_centroid_candidate,pcb_centroid_candidate,-60.0,10.0,-0.00876517887336521,-0.013543967228810775,59.99123482112663,-10.013543967228811
pcb_centroid_candidate,pcb_centroid_candidate,-40.0,10.0,-0.0038123358264089894,-0.004362239765069559,39.99618766417359,-10.00436223976507
pcb_centroid_candidate,pcb_centroid_candidate,-20.0,10.0,-0.005330608991259611,-0.016576097919533066,19.994669391008742,-10.016576097919533
pcb_centroid_candidate,pcb_centroid_candidate,0.0,10.0,-1.5316634317091906e-19,-0.01261321304813304,-1.5316634317091906e-19,-10.012613213048134
pcb_centroid_candidate,pcb_centroid_candidate,20.0,10.0,0.005330608828929666,-0.008650328237071377,-19.99466939117107,-10.00865032823707
pcb_centroid_candidate,pcb_centroid_candidate,40.0,10.0,0.0038123360681262142,-0.020864186592762558,-39.99618766393187,-10.020864186592762
pcb_centroid_candidate,pcb_centroid_candidate,60.0,10.0,-0.0036436592696912503,0.02024322795829425,-60.00364365926969,-9.979756772041705
pcb_centroid_candidate,pcb_centroid_candidate,-60.0,20.0,0.008253422120489906,0.0015620157421821126,60.00825342212049,-19.99843798425782
pcb_centroid_candidate,pcb_centroid_candidate,-40.0,20.0,-0.004688043259822141,-0.001834446201124468,39.99531195674018,-20.001834446201123
pcb_centroid_candidate,pcb_centroid_candidate,-20.0,20.0,0.004117765700643314,-0.0017340968860600672,20.004117765700645,-20.00173409688606
pcb_centroid_candidate,pcb_centroid_candidate,0.0,20.0,3.0870258008926937e-21,0.028251785130935476,3.0870258008926937e-21,-19.971748214869063
pcb_centroid_candidate,pcb_centroid_candidate,20.0,20.0,-0.004117765803431115,-0.012918913204308848,-20.004117765803432,-20.01291891320431
pcb_centroid_candidate,pcb_centroid_candidate,40.0,20.0,-0.0077207948345960585,0.019107122901281855,-40.0077207948346,-19.980892877098718
pcb_centroid_candidate,pcb_centroid_candidate,60.0,20.0,0.004155415884134376,0.023015866522243824,-59.995844584115865,-19.976984133477757
