truth_azimuth_deg,truth_elevation_deg,rx_order,tx_order,estimated_azimuth_deg,estimated_elevation_deg,azimuth_error_deg,elevation_error_deg,score,identity_order
10.0,2.0,"0,1,2,3","0,1,2,3",10.0,2.0,0.0,0.0,1.0,True
10.0,2.0,"0,1,2,3","0,1,3,2",-4.0,12.0,-14.0,10.0,0.9888663548138336,False
10.0,2.0,"0,1,2,3","0,2,1,3",-59.0,-4.0,-69.0,-6.0,0.9198182015292896,False
10.0,2.0,"0,1,2,3","0,2,3,1",-30.0,10.0,-40.0,8.0,0.6708205513292717,False
10.0,2.0,"0,1,2,3","0,3,1,2",46.0,17.0,36.0,15.0,0.9347090017949357,False
10.0,2.0,"0,1,2,3","0,3,2,1",37.0,0.0,27.0,-2.0,0.9530880712115425,False
10.0,2.0,"0,1,2,3","1,0,2,3",-26.0,9.0,-36.0,7.0,0.872117623396146,False
10.0,2.0,"0,1,2,3","1,0,3,2",-54.0,5.0,-64.0,3.0,0.858741506971291,False
10.0,2.0,"0,1,2,3","1,2,0,3",-38.0,-5.0,-48.0,-7.0,0.7765059058575047,False
10.0,2.0,"0,1,2,3","1,2,3,0",37.0,-15.0,27.0,-17.0,0.6820754358167856,False
10.0,2.0,"0,1,2,3","1,3,0,2",36.0,-7.0,26.0,-9.0,0.9574871414279132,False
10.0,2.0,"0,1,2,3","1,3,2,0",30.0,19.0,20.0,17.0,0.9605693757149152,False
10.0,2.0,"0,1,2,3","2,0,1,3",-4.0,12.0,-14.0,10.0,0.6655307137496976,False
10.0,2.0,"0,1,2,3","2,0,3,1",-47.0,17.0,-57.0,15.0,0.9112403341718286,False
10.0,2.0,"0,1,2,3","2,1,0,3",-16.0,-16.0,-26.0,-18.0,0.9932871189958515,False
10.0,2.0,"0,1,2,3","2,1,3,0",-60.0,6.0,-70.0,4.0,0.9933099962910816,False
10.0,2.0,"0,1,2,3","2,3,0,1",54.0,13.0,44.0,11.0,0.9727739698826495,False
10.0,2.0,"0,1,2,3","2,3,1,0",27.0,5.0,17.0,3.0,0.940189012884028,False
10.0,2.0,"0,1,2,3","3,0,1,2",-60.0,6.0,-70.0,4.0,0.6691138680643232,False
10.0,2.0,"0,1,2,3","3,0,2,1",15.0,-20.0,5.0,-22.0,0.8874087242012904,False
10.0,2.0,"0,1,2,3","3,1,0,2",-60.0,-6.0,-70.0,-8.0,0.9935871435428951,False
10.0,2.0,"0,1,2,3","3,1,2,0",29.0,-19.0,19.0,-21.0,0.9810334615745812,False
10.0,2.0,"0,1,2,3","3,2,0,1",-36.0,17.0,-46.0,15.0,0.7772595382290103,False
10.0,2.0,"0,1,2,3","3,2,1,0",-19.0,-20.0,-29.0,-22.0,0.9432444441982961,False
10.0,2.0,"0,1,3,2","0,1,2,3",-17.0,-12.0,-27.0,-14.0,0.6463850255807477,False
10.0,2.0,"0,1,3,2","0,1,3,2",-58.0,14.0,-68.0,12.0,0.6546335429636415,False
10.0,2.0,"0,1,3,2","0,2,1,3",-56.0,14.0,-66.0,12.0,0.6283351446944383,False
10.0,2.0,"0,1,3,2","0,2,3,1",-42.0,-11.0,-52.0,-13.0,0.4675188404342705,False
10.0,2.0,"0,1,3,2","0,3,1,2",44.0,15.0,34.0,13.0,0.6112101456212784,False
10.0,2.0,"0,1,3,2","0,3,2,1",-17.0,12.0,-27.0,10.0,0.6437485573138717,False
10.0,2.0,"0,1,3,2","1,0,2,3",-54.0,-11.0,-64.0,-13.0,0.5892092851559708,False
10.0,2.0,"0,1,3,2","1,0,3,2",-56.0,14.0,-66.0,12.0,0.5879620388700351,False
10.0,2.0,"0,1,3,2","1,2,0,3",-47.0,-5.0,-57.0,-7.0,0.5171854224500259,False
10.0,2.0,"0,1,3,2","1,2,3,0",-42.0,0.0,-52.0,-2.0,0.4656595375078941,False
10.0,2.0,"0,1,3,2","1,3,0,2",-28.0,4.0,-38.0,2.0,0.6465966123477719,False
10.0,2.0,"0,1,3,2","1,3,2,0",21.0,4.0,11.0,2.0,0.6351120729199363,False
10.0,2.0,"0,1,3,2","2,0,1,3",-58.0,14.0,-68.0,12.0,0.4389959970347611,False
10.0,2.0,"0,1,3,2","2,0,3,1",-22.0,-9.0,-32.0,-11.0,0.591147595313286,False
10.0,2.0,"0,1,3,2","2,1,0,3",-3.0,1.0,-13.0,-1.0,0.655275602571931,False
10.0,2.0,"0,1,3,2","2,1,3,0",19.0,10.0,9.0,8.0,0.6404879624502481,False
10.0,2.0,"0,1,3,2","2,3,0,1",-3.0,16.0,-13.0,14.0,0.6461281286428474,False
10.0,2.0,"0,1,3,2","2,3,1,0",-29.0,-15.0,-39.0,-17.0,0.6004915902776959,False
10.0,2.0,"0,1,3,2","3,0,1,2",19.0,10.0,9.0,8.0,0.43000537270359845,False
10.0,2.0,"0,1,3,2","3,0,2,1",-30.0,16.0,-40.0,14.0,0.5903328562351504,False
10.0,2.0,"0,1,3,2","3,1,0,2",35.0,9.0,25.0,7.0,0.6568576490397054,False
10.0,2.0,"0,1,3,2","3,1,2,0",-56.0,7.0,-66.0,5.0,0.660202375035077,False
10.0,2.0,"0,1,3,2","3,2,0,1",-50.0,18.0,-60.0,16.0,0.4950277215072903,False
10.0,2.0,"0,1,3,2","3,2,1,0",22.0,11.0,12.0,9.0,0.6326526425980478,False
10.0,2.0,"0,2,1,3","0,1,2,3",-4.0,-9.0,-14.0,-11.0,0.9510614791679233,False
10.0,2.0,"0,2,1,3","0,1,3,2",-21.0,-3.0,-31.0,-5.0,0.9739543070089658,False
10.0,2.0,"0,2,1,3","0,2,1,3",-26.0,-3.0,-36.0,-5.0,0.9346624619668615,False
10.0,2.0,"0,2,1,3","0,2,3,1",9.0,0.0,-1.0,-2.0,0.6911856607272178,False
10.0,2.0,"0,2,1,3","0,3,1,2",-41.0,-14.0,-51.0,-16.0,0.949308317585964,False
10.0,2.0,"0,2,1,3","0,3,2,1",-39.0,15.0,-49.0,13.0,0.9413034285583465,False
10.0,2.0,"0,2,1,3","1,0,2,3",-54.0,-6.0,-64.0,-8.0,0.8580634373288749,False
10.0,2.0,"0,2,1,3","1,0,3,2",5.0,-5.0,-5.0,-7.0,0.8849461365409519,False
10.0,2.0,"0,2,1,3","1,2,0,3",30.0,17.0,20.0,15.0,0.7398377191236141,False
10.0,2.0,"0,2,1,3","1,2,3,0",23.0,-17.0,13.0,-19.0,0.6826866830570598,False
10.0,2.0,"0,2,1,3","1,3,0,2",33.0,-6.0,23.0,-8.0,0.9625265824763846,False
10.0,2.0,"0,2,1,3","1,3,2,0",-23.0,1.0,-33.0,-1.0,0.9740634661262214,False
10.0,2.0,"0,2,1,3","2,0,1,3",-21.0,-3.0,-31.0,-5.0,0.654356143223538,False
10.0,2.0,"0,2,1,3","2,0,3,1",-5.0,-17.0,-15.0,-19.0,0.8616209326885362,False
10.0,2.0,"0,2,1,3","2,1,0,3",-26.0,-15.0,-36.0,-17.0,0.9514204971897906,False
10.0,2.0,"0,2,1,3","2,1,3,0",-35.0,19.0,-45.0,17.0,0.9654725516230312,False
10.0,2.0,"0,2,1,3","2,3,0,1",31.0,0.0,21.0,-2.0,0.9633306652305008,False
10.0,2.0,"0,2,1,3","2,3,1,0",-40.0,1.0,-50.0,-1.0,0.941780490610562,False
10.0,2.0,"0,2,1,3","3,0,1,2",-48.0,6.0,-58.0,4.0,0.6455885437316102,False
10.0,2.0,"0,2,1,3","3,0,2,1",43.0,7.0,33.0,5.0,0.8762131937591644,False
10.0,2.0,"0,2,1,3","3,1,0,2",-35.0,-19.0,-45.0,-21.0,0.9784093175469787,False
10.0,2.0,"0,2,1,3","3,1,2,0",11.0,14.0,1.0,12.0,0.9856344520896381,False
10.0,2.0,"0,2,1,3","3,2,0,1",-55.0,20.0,-65.0,18.0,0.7588080084957792,False
10.0,2.0,"0,2,1,3","3,2,1,0",-6.0,7.0,-16.0,5.0,0.920478918760508,False
10.0,2.0,"0,2,3,1","0,1,2,3",-1.0,-9.0,-11.0,-11.0,0.7856995800648906,False
10.0,2.0,"0,2,3,1","0,1,3,2",-16.0,20.0,-26.0,18.0,0.7609206416251973,False
10.0,2.0,"0,2,3,1","0,2,1,3",-46.0,-7.0,-56.0,-9.0,0.7612214943022958,False
10.0,2.0,"0,2,3,1","0,2,3,1",-46.0,-7.0,-56.0,-9.0,0.5561061362642529,False
10.0,2.0,"0,2,3,1","0,3,1,2",-41.0,6.0,-51.0,4.0,0.7498275536399092,False
10.0,2.0,"0,2,3,1","0,3,2,1",-51.0,-7.0,-61.0,-9.0,0.785294179351986,False
10.0,2.0,"0,2,3,1","1,0,2,3",-29.0,12.0,-39.0,10.0,0.7134753591549021,False
10.0,2.0,"0,2,3,1","1,0,3,2",-11.0,-7.0,-21.0,-9.0,0.7111817130456182,False
10.0,2.0,"0,2,3,1","1,2,0,3",43.0,-8.0,33.0,-10.0,0.6049158168049615,False
10.0,2.0,"0,2,3,1","1,2,3,0",58.0,-10.0,48.0,-12.0,0.5471282766292681,False
10.0,2.0,"0,2,3,1","1,3,0,2",36.0,12.0,26.0,10.0,0.7691511367741303,False
10.0,2.0,"0,2,3,1","1,3,2,0",-16.0,-20.0,-26.0,-22.0,0.7619622050186812,False
10.0,2.0,"0,2,3,1","2,0,1,3",-16.0,20.0,-26.0,18.0,0.5120778334725772,False
10.0,2.0,"0,2,3,1","2,0,3,1",-1.0,8.0,-11.0,6.0,0.7307022740959653,False
10.0,2.0,"0,2,3,1","2,1,0,3",17.0,-12.0,7.0,-14.0,0.7869061004219687,False
10.0,2.0,"0,2,3,1","2,1,3,0",57.0,20.0,47.0,18.0,0.7797348082303867,False
10.0,2.0,"0,2,3,1","2,3,0,1",44.0,-12.0,34.0,-14.0,0.787725009655996,False
10.0,2.0,"0,2,3,1","2,3,1,0",58.0,-14.0,48.0,-16.0,0.7508619858835643,False
10.0,2.0,"0,2,3,1","3,0,1,2",57.0,20.0,47.0,18.0,0.5254065732061464,False
10.0,2.0,"0,2,3,1","3,0,2,1",10.0,13.0,0.0,11.0,0.6876392132568648,False
10.0,2.0,"0,2,3,1","3,1,0,2",-44.0,15.0,-54.0,13.0,0.7504566933856307,False
10.0,2.0,"0,2,3,1","3,1,2,0",56.0,-4.0,46.0,-6.0,0.7813459205284096,False
10.0,2.0,"0,2,3,1","3,2,0,1",-12.0,-1.0,-22.0,-3.0,0.6106413751555507,False
10.0,2.0,"0,2,3,1","3,2,1,0",-4.0,11.0,-14.0,9.0,0.7550251839042819,False
10.0,2.0,"0,3,1,2","0,1,2,3",-25.0,0.0,-35.0,-2.0,0.589937883480577,False
10.0,2.0,"0,3,1,2","0,1,3,2",-11.0,-8.0,-21.0,-10.0,0.5848337475550515,False
10.0,2.0,"0,3,1,2","0,2,1,3",13.0,0.0,3.0,-2.0,0.5625600482210222,False
10.0,2.0,"0,3,1,2","0,2,3,1",56.0,-15.0,46.0,-17.0,0.4126930282310438,False
10.0,2.0,"0,3,1,2","0,3,1,2",53.0,-4.0,43.0,-6.0,0.5605021828456422,False
10.0,2.0,"0,3,1,2","0,3,2,1",-34.0,-8.0,-44.0,-10.0,0.5813658542572722,False
10.0,2.0,"0,3,1,2","1,0,2,3",-57.0,-7.0,-67.0,-9.0,0.5326463906092911,False
10.0,2.0,"0,3,1,2","1,0,3,2",-6.0,10.0,-16.0,8.0,0.5480339767423065,False
10.0,2.0,"0,3,1,2","1,2,0,3",-23.0,-4.0,-33.0,-6.0,0.4553788644901926,False
10.0,2.0,"0,3,1,2","1,2,3,0",56.0,-18.0,46.0,-20.0,0.4067758282763044,False
10.0,2.0,"0,3,1,2","1,3,0,2",58.0,-7.0,48.0,-9.0,0.5917665559576106,False
10.0,2.0,"0,3,1,2","1,3,2,0",-28.0,-16.0,-38.0,-18.0,0.5859822637274492,False
10.0,2.0,"0,3,1,2","2,0,1,3",-11.0,-8.0,-21.0,-10.0,0.3940817513880851,False
10.0,2.0,"0,3,1,2","2,0,3,1",15.0,-17.0,5.0,-19.0,0.5500387374566587,False
10.0,2.0,"0,3,1,2","2,1,0,3",-12.0,-9.0,-22.0,-11.0,0.5942167718159237,False
10.0,2.0,"0,3,1,2","2,1,3,0",-18.0,5.0,-28.0,3.0,0.5897429789861828,False
10.0,2.0,"0,3,1,2","2,3,0,1",-58.0,-13.0,-68.0,-15.0,0.5802977795707457,False
10.0,2.0,"0,3,1,2","2,3,1,0",-39.0,-16.0,-49.0,-18.0,0.5686509533683592,False
10.0,2.0,"0,3,1,2","3,0,1,2",-18.0,5.0,-28.0,3.0,0.3945156962668912,False
10.0,2.0,"0,3,1,2","3,0,2,1",-53.0,12.0,-63.0,10.0,0.5286211110607323,False
10.0,2.0,"0,3,1,2","3,1,0,2",-18.0,-5.0,-28.0,-7.0,0.5787651212721677,False
10.0,2.0,"0,3,1,2","3,1,2,0",33.0,18.0,23.0,16.0,0.5837916530932066,False
10.0,2.0,"0,3,1,2","3,2,0,1",-50.0,-13.0,-60.0,-15.0,0.4495612291355936,False
10.0,2.0,"0,3,1,2","3,2,1,0",2.0,-10.0,-8.0,-12.0,0.5613384343347843,False
10.0,2.0,"0,3,2,1","0,1,2,3",58.0,13.0,48.0,11.0,0.7961521153668819,False
10.0,2.0,"0,3,2,1","0,1,3,2",-35.0,-11.0,-45.0,-13.0,0.8338747337956618,False
10.0,2.0,"0,3,2,1","0,2,1,3",-33.0,20.0,-43.0,18.0,0.7956512718818743,False
10.0,2.0,"0,3,2,1","0,2,3,1",-9.0,15.0,-19.0,13.0,0.5667506655157029,False
10.0,2.0,"0,3,2,1","0,3,1,2",18.0,-5.0,8.0,-7.0,0.7975718967904452,False
10.0,2.0,"0,3,2,1","0,3,2,1",57.0,-9.0,47.0,-11.0,0.813802964826524,False
10.0,2.0,"0,3,2,1","1,0,2,3",-44.0,-11.0,-54.0,-13.0,0.7275334176488907,False
10.0,2.0,"0,3,2,1","1,0,3,2",28.0,-13.0,18.0,-15.0,0.763841710343383,False
10.0,2.0,"0,3,2,1","1,2,0,3",-9.0,-7.0,-19.0,-9.0,0.6453940639464565,False
10.0,2.0,"0,3,2,1","1,2,3,0",-55.0,0.0,-65.0,-2.0,0.5855575472124421,False
10.0,2.0,"0,3,2,1","1,3,0,2",39.0,-13.0,29.0,-15.0,0.8278987602569381,False
10.0,2.0,"0,3,2,1","1,3,2,0",19.0,19.0,9.0,17.0,0.814936073316985,False
10.0,2.0,"0,3,2,1","2,0,1,3",-35.0,-11.0,-45.0,-13.0,0.56140360472867,False
10.0,2.0,"0,3,2,1","2,0,3,1",-13.0,0.0,-23.0,-2.0,0.7598389036298674,False
10.0,2.0,"0,3,2,1","2,1,0,3",15.0,2.0,5.0,0.0,0.8303812567339339,False
10.0,2.0,"0,3,2,1","2,1,3,0",-33.0,-10.0,-43.0,-12.0,0.8207208009662563,False
10.0,2.0,"0,3,2,1","2,3,0,1",25.0,0.0,15.0,-2.0,0.8192379368115874,False
10.0,2.0,"0,3,2,1","2,3,1,0",7.0,5.0,-3.0,3.0,0.77707658524673,False
10.0,2.0,"0,3,2,1","3,0,1,2",-33.0,-10.0,-43.0,-12.0,0.5506905849785807,False
10.0,2.0,"0,3,2,1","3,0,2,1",-58.0,17.0,-68.0,15.0,0.7414250557869779,False
10.0,2.0,"0,3,2,1","3,1,0,2",12.0,12.0,2.0,10.0,0.815818837695972,False
10.0,2.0,"0,3,2,1","3,1,2,0",58.0,-11.0,48.0,-13.0,0.8297830482869044,False
10.0,2.0,"0,3,2,1","3,2,0,1",57.0,7.0,47.0,5.0,0.6311575074417487,False
10.0,2.0,"0,3,2,1","3,2,1,0",6.0,-10.0,-4.0,-12.0,0.7809956630526826,False
10.0,2.0,"1,0,2,3","0,1,2,3",-17.0,-12.0,-27.0,-14.0,0.6463850255874628,False
10.0,2.0,"1,0,2,3","0,1,3,2",-58.0,14.0,-68.0,12.0,0.6546335429818593,False
10.0,2.0,"1,0,2,3","0,2,1,3",-56.0,14.0,-66.0,12.0,0.628335144709755,False
10.0,2.0,"1,0,2,3","0,2,3,1",-42.0,-11.0,-52.0,-13.0,0.46751884044384434,False
10.0,2.0,"1,0,2,3","0,3,1,2",44.0,15.0,34.0,13.0,0.611210145609402,False
10.0,2.0,"1,0,2,3","0,3,2,1",-17.0,12.0,-27.0,10.0,0.64374855732061,False
10.0,2.0,"1,0,2,3","1,0,2,3",-54.0,-11.0,-64.0,-13.0,0.5892092851709713,False
10.0,2.0,"1,0,2,3","1,0,3,2",-56.0,14.0,-66.0,12.0,0.5879620388843784,False
10.0,2.0,"1,0,2,3","1,2,0,3",-47.0,-5.0,-57.0,-7.0,0.5171854224624786,False
10.0,2.0,"1,0,2,3","1,2,3,0",-42.0,0.0,-52.0,-2.0,0.4656595375175672,False
10.0,2.0,"1,0,2,3","1,3,0,2",-28.0,4.0,-38.0,2.0,0.6465966123577724,False
10.0,2.0,"1,0,2,3","1,3,2,0",21.0,4.0,11.0,2.0,0.6351120729137958,False
10.0,2.0,"1,0,2,3","2,0,1,3",-58.0,14.0,-68.0,12.0,0.4389959970471159,False
10.0,2.0,"1,0,2,3","2,0,3,1",-22.0,-9.0,-32.0,-11.0,0.591147595320936,False
10.0,2.0,"1,0,2,3","2,1,0,3",-3.0,1.0,-13.0,-1.0,0.6552756025736035,False
10.0,2.0,"1,0,2,3","2,1,3,0",19.0,10.0,9.0,8.0,0.6404879624445603,False
10.0,2.0,"1,0,2,3","2,3,0,1",-3.0,16.0,-13.0,14.0,0.6461281286447035,False
10.0,2.0,"1,0,2,3","2,3,1,0",-29.0,-15.0,-39.0,-17.0,0.6004915902870767,False
10.0,2.0,"1,0,2,3","3,0,1,2",19.0,10.0,9.0,8.0,0.4300053726997201,False
10.0,2.0,"1,0,2,3","3,0,2,1",-30.0,16.0,-40.0,14.0,0.5903328562444469,False
10.0,2.0,"1,0,2,3","3,1,0,2",35.0,9.0,25.0,7.0,0.656857649028294,False
10.0,2.0,"1,0,2,3","3,1,2,0",-56.0,7.0,-66.0,5.0,0.6602023750520297,False
10.0,2.0,"1,0,2,3","3,2,0,1",-50.0,18.0,-60.0,16.0,0.49502772151834024,False
10.0,2.0,"1,0,2,3","3,2,1,0",22.0,11.0,12.0,9.0,0.6326526425917824,False
10.0,2.0,"1,0,3,2","0,1,2,3",53.0,3.0,43.0,1.0,0.8341847227873448,False
10.0,2.0,"1,0,3,2","0,1,3,2",-23.0,-13.0,-33.0,-15.0,0.8858563317083177,False
10.0,2.0,"1,0,3,2","0,2,1,3",-15.0,17.0,-25.0,15.0,0.828749156366921,False
10.0,2.0,"1,0,3,2","0,2,3,1",-53.0,10.0,-63.0,8.0,0.5935631083807289,False
10.0,2.0,"1,0,3,2","0,3,1,2",18.0,-5.0,8.0,-7.0,0.8433400141886944,False
10.0,2.0,"1,0,3,2","0,3,2,1",12.0,9.0,2.0,7.0,0.863950725856119,False
10.0,2.0,"1,0,3,2","1,0,2,3",-22.0,20.0,-32.0,18.0,0.7791154315503334,False
10.0,2.0,"1,0,3,2","1,0,3,2",28.0,-13.0,18.0,-15.0,0.799100330816858,False
10.0,2.0,"1,0,3,2","1,2,0,3",-23.0,10.0,-33.0,8.0,0.6842571242746767,False
10.0,2.0,"1,0,3,2","1,2,3,0",-56.0,15.0,-66.0,13.0,0.5946143162339323,False
10.0,2.0,"1,0,3,2","1,3,0,2",-41.0,7.0,-51.0,5.0,0.8557522389963106,False
10.0,2.0,"1,0,3,2","1,3,2,0",19.0,19.0,9.0,17.0,0.8722699800173455,False
10.0,2.0,"1,0,3,2","2,0,1,3",-23.0,-13.0,-33.0,-15.0,0.5959763250112522,False
10.0,2.0,"1,0,3,2","2,0,3,1",-13.0,0.0,-23.0,-2.0,0.8125450611475662,False
10.0,2.0,"1,0,3,2","2,1,0,3",15.0,2.0,5.0,0.0,0.8778056837291247,False
10.0,2.0,"1,0,3,2","2,1,3,0",-53.0,4.0,-63.0,2.0,0.8836390746061591,False
10.0,2.0,"1,0,3,2","2,3,0,1",-32.0,15.0,-42.0,13.0,0.8641822905122636,False
10.0,2.0,"1,0,3,2","2,3,1,0",11.0,8.0,1.0,6.0,0.8051386007722948,False
10.0,2.0,"1,0,3,2","3,0,1,2",-53.0,4.0,-63.0,2.0,0.5946703323173708,False
10.0,2.0,"1,0,3,2","3,0,2,1",25.0,1.0,15.0,-1.0,0.7809956152060841,False
10.0,2.0,"1,0,3,2","3,1,0,2",11.0,-8.0,1.0,-10.0,0.8861154497173768,False
10.0,2.0,"1,0,3,2","3,1,2,0",36.0,-19.0,26.0,-21.0,0.8863785564637421,False
10.0,2.0,"1,0,3,2","3,2,0,1",57.0,7.0,47.0,5.0,0.6735149756447101,False
10.0,2.0,"1,0,3,2","3,2,1,0",6.0,-10.0,-4.0,-12.0,0.8104891184595365,False
10.0,2.0,"1,2,0,3","0,1,2,3",-25.0,0.0,-35.0,-2.0,0.5899378834881671,False
10.0,2.0,"1,2,0,3","0,1,3,2",-11.0,-8.0,-21.0,-10.0,0.5848337475574769,False
10.0,2.0,"1,2,0,3","0,2,1,3",13.0,0.0,3.0,-2.0,0.5625600482163992,False
10.0,2.0,"1,2,0,3","0,2,3,1",56.0,-15.0,46.0,-17.0,0.4126930282205632,False
10.0,2.0,"1,2,0,3","0,3,1,2",53.0,-4.0,43.0,-6.0,0.5605021828310175,False
10.0,2.0,"1,2,0,3","0,3,2,1",-34.0,-8.0,-44.0,-10.0,0.5813658542672214,False
10.0,2.0,"1,2,0,3","1,0,2,3",-57.0,-7.0,-67.0,-9.0,0.5326463906222025,False
10.0,2.0,"1,2,0,3","1,0,3,2",-6.0,10.0,-16.0,8.0,0.5480339767437824,False
10.0,2.0,"1,2,0,3","1,2,0,3",-23.0,-4.0,-33.0,-6.0,0.4553788644948823,False
10.0,2.0,"1,2,0,3","1,2,3,0",56.0,-18.0,46.0,-20.0,0.40677582826571024,False
10.0,2.0,"1,2,0,3","1,3,0,2",58.0,-7.0,48.0,-9.0,0.591766555941283,False
10.0,2.0,"1,2,0,3","1,3,2,0",-28.0,-16.0,-38.0,-18.0,0.5859822637354182,False
10.0,2.0,"1,2,0,3","2,0,1,3",-11.0,-8.0,-21.0,-10.0,0.3940817513896863,False
10.0,2.0,"1,2,0,3","2,0,3,1",15.0,-17.0,5.0,-19.0,0.5500387374514549,False
10.0,2.0,"1,2,0,3","2,1,0,3",-12.0,-9.0,-22.0,-11.0,0.5942167718186491,False
10.0,2.0,"1,2,0,3","2,1,3,0",-18.0,5.0,-28.0,3.0,0.5897429789912381,False
10.0,2.0,"1,2,0,3","2,3,0,1",-58.0,-13.0,-68.0,-15.0,0.5802977795853208,False
10.0,2.0,"1,2,0,3","2,3,1,0",-39.0,-16.0,-49.0,-18.0,0.5686509533780031,False
10.0,2.0,"1,2,0,3","3,0,1,2",-18.0,5.0,-28.0,3.0,0.39451569627030436,False
10.0,2.0,"1,2,0,3","3,0,2,1",-53.0,12.0,-63.0,10.0,0.52862111107353,False
10.0,2.0,"1,2,0,3","3,1,0,2",-18.0,-5.0,-28.0,-7.0,0.5787651212771057,False
10.0,2.0,"1,2,0,3","3,1,2,0",33.0,18.0,23.0,16.0,0.5837916530830325,False
10.0,2.0,"1,2,0,3","3,2,0,1",-50.0,-13.0,-60.0,-15.0,0.44956122914558805,False
10.0,2.0,"1,2,0,3","3,2,1,0",2.0,-10.0,-8.0,-12.0,0.5613384343336274,False
10.0,2.0,"1,2,3,0","0,1,2,3",-25.0,0.0,-35.0,-2.0,0.8336379234812121,False
10.0,2.0,"1,2,3,0","0,1,3,2",-12.0,12.0,-22.0,10.0,0.821704630837864,False
10.0,2.0,"1,2,3,0","0,2,1,3",-47.0,-7.0,-57.0,-9.0,0.7933355515189751,False
10.0,2.0,"1,2,3,0","0,2,3,1",-47.0,-7.0,-57.0,-9.0,0.5766307619252664,False
10.0,2.0,"1,2,3,0","0,3,1,2",33.0,10.0,23.0,8.0,0.7876053306923902,False
10.0,2.0,"1,2,3,0","0,3,2,1",-34.0,-8.0,-44.0,-10.0,0.8132922087818643,False
10.0,2.0,"1,2,3,0","1,0,2,3",-57.0,-7.0,-67.0,-9.0,0.7355987135895999,False
10.0,2.0,"1,2,3,0","1,0,3,2",-6.0,10.0,-16.0,8.0,0.7694897551837194,False
10.0,2.0,"1,2,3,0","1,2,0,3",-27.0,-3.0,-37.0,-5.0,0.6377253963264321,False
10.0,2.0,"1,2,3,0","1,2,3,0",-21.0,-17.0,-31.0,-19.0,0.5739102333439466,False
10.0,2.0,"1,2,3,0","1,3,0,2",58.0,-7.0,48.0,-9.0,0.8284189072375241,False
10.0,2.0,"1,2,3,0","1,3,2,0",-12.0,-12.0,-22.0,-14.0,0.8202146255099224,False
10.0,2.0,"1,2,3,0","2,0,1,3",-12.0,12.0,-22.0,10.0,0.5533776527918902,False
10.0,2.0,"1,2,3,0","2,0,3,1",33.0,-20.0,23.0,-22.0,0.7578808230908786,False
10.0,2.0,"1,2,3,0","2,1,0,3",30.0,13.0,20.0,11.0,0.8256197849482791,False
10.0,2.0,"1,2,3,0","2,1,3,0",-18.0,5.0,-28.0,3.0,0.8186955364710261,False
10.0,2.0,"1,2,3,0","2,3,0,1",-58.0,-13.0,-68.0,-15.0,0.8258625134389471,False
10.0,2.0,"1,2,3,0","2,3,1,0",35.0,11.0,25.0,9.0,0.7851156450645351,False
10.0,2.0,"1,2,3,0","3,0,1,2",-18.0,5.0,-28.0,3.0,0.5476762778197544,False
10.0,2.0,"1,2,3,0","3,0,2,1",55.0,7.0,45.0,5.0,0.7341513501286487,False
10.0,2.0,"1,2,3,0","3,1,0,2",-18.0,-5.0,-28.0,-7.0,0.8034558075879054,False
10.0,2.0,"1,2,3,0","3,1,2,0",36.0,-5.0,26.0,-7.0,0.8125387765791998,False
10.0,2.0,"1,2,3,0","3,2,0,1",-50.0,-13.0,-60.0,-15.0,0.6469943949494854,False
10.0,2.0,"1,2,3,0","3,2,1,0",-21.0,-17.0,-31.0,-19.0,0.7956834742819966,False
10.0,2.0,"1,3,0,2","0,1,2,3",14.0,7.0,4.0,5.0,0.6380822030878499,False
10.0,2.0,"1,3,0,2","0,1,3,2",-23.0,-13.0,-33.0,-15.0,0.6583787533132792,False
10.0,2.0,"1,3,0,2","0,2,1,3",-15.0,17.0,-25.0,15.0,0.6117444809461997,False
10.0,2.0,"1,3,0,2","0,2,3,1",-53.0,10.0,-63.0,8.0,0.4530850842271196,False
10.0,2.0,"1,3,0,2","0,3,1,2",18.0,-5.0,8.0,-7.0,0.6109180146162931,False
10.0,2.0,"1,3,0,2","0,3,2,1",12.0,9.0,2.0,7.0,0.6390992644511473,False
10.0,2.0,"1,3,0,2","1,0,2,3",-22.0,20.0,-32.0,18.0,0.574305082945599,False
10.0,2.0,"1,3,0,2","1,0,3,2",2.0,18.0,-8.0,16.0,0.6007830472115612,False
10.0,2.0,"1,3,0,2","1,2,0,3",-19.0,-13.0,-29.0,-15.0,0.5119908025362289,False
10.0,2.0,"1,3,0,2","1,2,3,0",-58.0,16.0,-68.0,14.0,0.44403661770582104,False
10.0,2.0,"1,3,0,2","1,3,0,2",-58.0,-12.0,-68.0,-14.0,0.6287117626853834,False
10.0,2.0,"1,3,0,2","1,3,2,0",19.0,19.0,9.0,17.0,0.6365825054093107,False
10.0,2.0,"1,3,0,2","2,0,1,3",-23.0,-13.0,-33.0,-15.0,0.4429365528250855,False
10.0,2.0,"1,3,0,2","2,0,3,1",-58.0,-1.0,-68.0,-3.0,0.5974952085990146,False
10.0,2.0,"1,3,0,2","2,1,0,3",36.0,19.0,26.0,17.0,0.6454020367226609,False
10.0,2.0,"1,3,0,2","2,1,3,0",-53.0,4.0,-63.0,2.0,0.6539717846152276,False
10.0,2.0,"1,3,0,2","2,3,0,1",-32.0,15.0,-42.0,13.0,0.642071088879318,False
10.0,2.0,"1,3,0,2","2,3,1,0",13.0,6.0,3.0,4.0,0.6028929580529575,False
10.0,2.0,"1,3,0,2","3,0,1,2",-53.0,4.0,-63.0,2.0,0.4401091233506494,False
10.0,2.0,"1,3,0,2","3,0,2,1",25.0,1.0,15.0,-1.0,0.5810536251139119,False
10.0,2.0,"1,3,0,2","3,1,0,2",11.0,-8.0,1.0,-10.0,0.6581324594934553,False
10.0,2.0,"1,3,0,2","3,1,2,0",36.0,-19.0,26.0,-21.0,0.6545173036382317,False
10.0,2.0,"1,3,0,2","3,2,0,1",-38.0,-6.0,-48.0,-8.0,0.5051255041176012,False
10.0,2.0,"1,3,0,2","3,2,1,0",-23.0,8.0,-33.0,6.0,0.60293783044105,False
10.0,2.0,"1,3,2,0","0,1,2,3",41.0,6.0,31.0,4.0,0.7836294160927544,False
10.0,2.0,"1,3,2,0","0,1,3,2",-46.0,-11.0,-56.0,-13.0,0.7805761220994686,False
10.0,2.0,"1,3,2,0","0,2,1,3",-59.0,-13.0,-69.0,-15.0,0.757752391499712,False
10.0,2.0,"1,3,2,0","0,2,3,1",-59.0,-13.0,-69.0,-15.0,0.5494352436672918,False
10.0,2.0,"1,3,2,0","0,3,1,2",-40.0,19.0,-50.0,17.0,0.7339983561435631,False
10.0,2.0,"1,3,2,0","0,3,2,1",-17.0,12.0,-27.0,10.0,0.773348705455211,False
10.0,2.0,"1,3,2,0","1,0,2,3",42.0,-12.0,32.0,-14.0,0.7004371068356002,False
10.0,2.0,"1,3,2,0","1,0,3,2",33.0,-3.0,23.0,-5.0,0.7282876110268494,False
10.0,2.0,"1,3,2,0","1,2,0,3",-10.0,-13.0,-20.0,-15.0,0.6155700787950434,False
10.0,2.0,"1,3,2,0","1,2,3,0",7.0,2.0,-3.0,0.0,0.5513856610468406,False
10.0,2.0,"1,3,2,0","1,3,0,2",-56.0,4.0,-66.0,2.0,0.787899190784815,False
10.0,2.0,"1,3,2,0","1,3,2,0",44.0,-15.0,34.0,-17.0,0.7268368466424575,False
10.0,2.0,"1,3,2,0","2,0,1,3",-46.0,-11.0,-56.0,-13.0,0.5259261277733315,False
10.0,2.0,"1,3,2,0","2,0,3,1",13.0,-9.0,3.0,-11.0,0.7262506995846918,False
10.0,2.0,"1,3,2,0","2,1,0,3",51.0,7.0,41.0,5.0,0.7872115010231008,False
10.0,2.0,"1,3,2,0","2,1,3,0",-58.0,6.0,-68.0,4.0,0.7897590889121738,False
10.0,2.0,"1,3,2,0","2,3,0,1",1.0,9.0,-9.0,7.0,0.7884823724482557,False
10.0,2.0,"1,3,2,0","2,3,1,0",-16.0,-12.0,-26.0,-14.0,0.7409129441102696,False
10.0,2.0,"1,3,2,0","3,0,1,2",-58.0,6.0,-68.0,4.0,0.5318985404098779,False
10.0,2.0,"1,3,2,0","3,0,2,1",-43.0,-8.0,-53.0,-10.0,0.7035665070685696,False
10.0,2.0,"1,3,2,0","3,1,0,2",-58.0,-6.0,-68.0,-8.0,0.7900030225588786,False
10.0,2.0,"1,3,2,0","3,1,2,0",-56.0,7.0,-66.0,5.0,0.7876511527434503,False
10.0,2.0,"1,3,2,0","3,2,0,1",32.0,-9.0,22.0,-11.0,0.6241767190246448,False
10.0,2.0,"1,3,2,0","3,2,1,0",-26.0,-17.0,-36.0,-19.0,0.7604737470050362,False
10.0,2.0,"2,0,1,3","0,1,2,3",-1.0,-9.0,-11.0,-11.0,0.7856995800629244,False
10.0,2.0,"2,0,1,3","0,1,3,2",-16.0,20.0,-26.0,18.0,0.760920641619777,False
10.0,2.0,"2,0,1,3","0,2,1,3",-46.0,-7.0,-56.0,-9.0,0.7612214942910677,False
10.0,2.0,"2,0,1,3","0,2,3,1",-46.0,-7.0,-56.0,-9.0,0.5561061362560458,False
10.0,2.0,"2,0,1,3","0,3,1,2",-41.0,6.0,-51.0,4.0,0.7498275536295734,False
10.0,2.0,"2,0,1,3","0,3,2,1",-51.0,-7.0,-61.0,-9.0,0.7852941793393308,False
10.0,2.0,"2,0,1,3","1,0,2,3",-29.0,12.0,-39.0,10.0,0.7134753591473164,False
10.0,2.0,"2,0,1,3","1,0,3,2",-11.0,-7.0,-21.0,-9.0,0.7111817130416525,False
10.0,2.0,"2,0,1,3","1,2,0,3",43.0,-8.0,33.0,-10.0,0.6049158168112493,False
10.0,2.0,"2,0,1,3","1,2,3,0",58.0,-10.0,48.0,-12.0,0.5471282766370085,False
10.0,2.0,"2,0,1,3","1,3,0,2",36.0,12.0,26.0,10.0,0.7691511367808084,False
10.0,2.0,"2,0,1,3","1,3,2,0",-16.0,-20.0,-26.0,-22.0,0.7619622050133523,False
10.0,2.0,"2,0,1,3","2,0,1,3",-16.0,20.0,-26.0,18.0,0.5120778334689404,False
10.0,2.0,"2,0,1,3","2,0,3,1",-1.0,8.0,-11.0,6.0,0.730702274094553,False
10.0,2.0,"2,0,1,3","2,1,0,3",17.0,-12.0,7.0,-14.0,0.7869061004249666,False
10.0,2.0,"2,0,1,3","2,1,3,0",57.0,20.0,47.0,18.0,0.7797348082397212,False
10.0,2.0,"2,0,1,3","2,3,0,1",44.0,-12.0,34.0,-14.0,0.7877250096642628,False
10.0,2.0,"2,0,1,3","2,3,1,0",58.0,-14.0,48.0,-16.0,0.7508619858942541,False
10.0,2.0,"2,0,1,3","3,0,1,2",57.0,20.0,47.0,18.0,0.5254065732125542,False
10.0,2.0,"2,0,1,3","3,0,2,1",10.0,13.0,0.0,11.0,0.6876392132577547,False
10.0,2.0,"2,0,1,3","3,1,0,2",-44.0,15.0,-54.0,13.0,0.7504566933755115,False
10.0,2.0,"2,0,1,3","3,1,2,0",56.0,-4.0,46.0,-6.0,0.7813459205385551,False
10.0,2.0,"2,0,1,3","3,2,0,1",-12.0,-1.0,-22.0,-3.0,0.6106413751525107,False
10.0,2.0,"2,0,1,3","3,2,1,0",-4.0,11.0,-14.0,9.0,0.7550251839017559,False
10.0,2.0,"2,0,3,1","0,1,2,3",32.0,-15.0,22.0,-17.0,0.648269501237259,False
10.0,2.0,"2,0,3,1","0,1,3,2",-11.0,-8.0,-21.0,-10.0,0.6483046422460664,False
10.0,2.0,"2,0,3,1","0,2,1,3",-31.0,20.0,-41.0,18.0,0.6129962875436976,False
10.0,2.0,"2,0,3,1","0,2,3,1",56.0,-15.0,46.0,-17.0,0.4544698013548536,False
10.0,2.0,"2,0,3,1","0,3,1,2",-53.0,3.0,-63.0,1.0,0.6240917321065234,False
10.0,2.0,"2,0,3,1","0,3,2,1",-55.0,-3.0,-65.0,-5.0,0.6392406675833754,False
10.0,2.0,"2,0,3,1","1,0,2,3",-57.0,-7.0,-67.0,-9.0,0.5718416665916761,False
10.0,2.0,"2,0,3,1","1,0,3,2",58.0,-1.0,48.0,-3.0,0.595337750625081,False
10.0,2.0,"2,0,3,1","1,2,0,3",-23.0,-4.0,-33.0,-6.0,0.49996142508518393,False
10.0,2.0,"2,0,3,1","1,2,3,0",53.0,-10.0,43.0,-12.0,0.45472813451769833,False
10.0,2.0,"2,0,3,1","1,3,0,2",-60.0,-10.0,-70.0,-12.0,0.6483620850026972,False
10.0,2.0,"2,0,3,1","1,3,2,0",-11.0,8.0,-21.0,6.0,0.6329965718850212,False
10.0,2.0,"2,0,3,1","2,0,1,3",-11.0,-8.0,-21.0,-10.0,0.43685069460754217,False
10.0,2.0,"2,0,3,1","2,0,3,1",15.0,-17.0,5.0,-19.0,0.6030205029623211,False
10.0,2.0,"2,0,3,1","2,1,0,3",-12.0,-9.0,-22.0,-11.0,0.6541168897541176,False
10.0,2.0,"2,0,3,1","2,1,3,0",-45.0,-18.0,-55.0,-20.0,0.6440196345973022,False
10.0,2.0,"2,0,3,1","2,3,0,1",58.0,-12.0,48.0,-14.0,0.6495515286412251,False
10.0,2.0,"2,0,3,1","2,3,1,0",-39.0,-16.0,-49.0,-18.0,0.6244195069765217,False
10.0,2.0,"2,0,3,1","3,0,1,2",-45.0,-18.0,-55.0,-20.0,0.433539858043238,False
10.0,2.0,"2,0,3,1","3,0,2,1",-48.0,9.0,-58.0,7.0,0.5872140695645423,False
10.0,2.0,"2,0,3,1","3,1,0,2",-45.0,18.0,-55.0,16.0,0.6441046927514759,False
10.0,2.0,"2,0,3,1","3,1,2,0",48.0,20.0,38.0,18.0,0.6326889381188727,False
10.0,2.0,"2,0,3,1","3,2,0,1",-46.0,-4.0,-56.0,-6.0,0.489092340031079,False
10.0,2.0,"2,0,3,1","3,2,1,0",-2.0,-18.0,-12.0,-20.0,0.6134732142087592,False
10.0,2.0,"2,1,0,3","0,1,2,3",58.0,13.0,48.0,11.0,0.7961521153790447,False
10.0,2.0,"2,1,0,3","0,1,3,2",-35.0,-11.0,-45.0,-13.0,0.8338747337879271,False
10.0,2.0,"2,1,0,3","0,2,1,3",-33.0,20.0,-43.0,18.0,0.7956512718745484,False
10.0,2.0,"2,1,0,3","0,2,3,1",-9.0,15.0,-19.0,13.0,0.5667506655138375,False
10.0,2.0,"2,1,0,3","0,3,1,2",18.0,-5.0,8.0,-7.0,0.7975718967958397,False
10.0,2.0,"2,1,0,3","0,3,2,1",57.0,-9.0,47.0,-11.0,0.8138029648386387,False
10.0,2.0,"2,1,0,3","1,0,2,3",-44.0,-11.0,-54.0,-13.0,0.7275334176406789,False
10.0,2.0,"2,1,0,3","1,0,3,2",28.0,-13.0,18.0,-15.0,0.7638417103504923,False
10.0,2.0,"2,1,0,3","1,2,0,3",-9.0,-7.0,-19.0,-9.0,0.6453940639452193,False
10.0,2.0,"2,1,0,3","1,2,3,0",-55.0,0.0,-65.0,-2.0,0.5855575472039748,False
10.0,2.0,"2,1,0,3","1,3,0,2",39.0,-13.0,29.0,-15.0,0.8278987602670931,False
10.0,2.0,"2,1,0,3","1,3,2,0",19.0,19.0,9.0,17.0,0.8149360733226478,False
10.0,2.0,"2,1,0,3","2,0,1,3",-35.0,-11.0,-45.0,-13.0,0.5614036047234101,False
10.0,2.0,"2,1,0,3","2,0,3,1",-13.0,0.0,-23.0,-2.0,0.7598389036277391,False
10.0,2.0,"2,1,0,3","2,1,0,3",15.0,2.0,5.0,0.0,0.8303812567391957,False
10.0,2.0,"2,1,0,3","2,1,3,0",-33.0,-10.0,-43.0,-12.0,0.8207208009583085,False
10.0,2.0,"2,1,0,3","2,3,0,1",25.0,0.0,15.0,-2.0,0.8192379368184668,False
10.0,2.0,"2,1,0,3","2,3,1,0",7.0,5.0,-3.0,3.0,0.777076585248561,False
10.0,2.0,"2,1,0,3","3,0,1,2",-33.0,-10.0,-43.0,-12.0,0.5506905849732583,False
10.0,2.0,"2,1,0,3","3,0,2,1",-58.0,17.0,-68.0,15.0,0.7414250557763697,False
10.0,2.0,"2,1,0,3","3,1,0,2",12.0,12.0,2.0,10.0,0.8158188376992168,False
10.0,2.0,"2,1,0,3","3,1,2,0",58.0,-11.0,48.0,-13.0,0.8297830483001735,False
10.0,2.0,"2,1,0,3","3,2,0,1",57.0,7.0,47.0,5.0,0.6311575074520893,False
10.0,2.0,"2,1,0,3","3,2,1,0",6.0,-10.0,-4.0,-12.0,0.7809956630547864,False
10.0,2.0,"2,1,3,0","0,1,2,3",58.0,13.0,48.0,11.0,0.5594215710830337,False
10.0,2.0,"2,1,3,0","0,1,3,2",-35.0,-11.0,-45.0,-13.0,0.5944627560083263,False
10.0,2.0,"2,1,3,0","0,2,1,3",60.0,-15.0,50.0,-17.0,0.5609856187314816,False
10.0,2.0,"2,1,3,0","0,2,3,1",-56.0,18.0,-66.0,16.0,0.39660386303094897,False
10.0,2.0,"2,1,3,0","0,3,1,2",18.0,-5.0,8.0,-7.0,0.5745266774062704,False
10.0,2.0,"2,1,3,0","0,3,2,1",12.0,9.0,2.0,7.0,0.580574370946543,False
10.0,2.0,"2,1,3,0","1,0,2,3",-22.0,20.0,-32.0,18.0,0.5251425467642371,False
10.0,2.0,"2,1,3,0","1,0,3,2",28.0,-13.0,18.0,-15.0,0.5465269331945053,False
10.0,2.0,"2,1,3,0","1,2,0,3",-9.0,-7.0,-19.0,-9.0,0.4646023329989525,False
10.0,2.0,"2,1,3,0","1,2,3,0",-55.0,0.0,-65.0,-2.0,0.40799295130500307,False
10.0,2.0,"2,1,3,0","1,3,0,2",39.0,-13.0,29.0,-15.0,0.5855710934235898,False
10.0,2.0,"2,1,3,0","1,3,2,0",19.0,19.0,9.0,17.0,0.5915049189456623,False
10.0,2.0,"2,1,3,0","2,0,1,3",-35.0,-11.0,-45.0,-13.0,0.4002202256217564,False
10.0,2.0,"2,1,3,0","2,0,3,1",-13.0,0.0,-23.0,-2.0,0.5514747594387048,False
10.0,2.0,"2,1,3,0","2,1,0,3",15.0,2.0,5.0,0.0,0.5980928851733746,False
10.0,2.0,"2,1,3,0","2,1,3,0",-53.0,4.0,-63.0,2.0,0.594107259147717,False
10.0,2.0,"2,1,3,0","2,3,0,1",25.0,0.0,15.0,-2.0,0.5797474909750506,False
10.0,2.0,"2,1,3,0","2,3,1,0",7.0,5.0,-3.0,3.0,0.5443013584555914,False
10.0,2.0,"2,1,3,0","3,0,1,2",-53.0,4.0,-63.0,2.0,0.3998215689895736,False
10.0,2.0,"2,1,3,0","3,0,2,1",-58.0,17.0,-68.0,15.0,0.5307812652972607,False
10.0,2.0,"2,1,3,0","3,1,0,2",-53.0,-4.0,-63.0,-6.0,0.594359259778007,False
10.0,2.0,"2,1,3,0","3,1,2,0",36.0,-19.0,26.0,-21.0,0.596231651175325,False
10.0,2.0,"2,1,3,0","3,2,0,1",57.0,7.0,47.0,5.0,0.457020603826132,False
10.0,2.0,"2,1,3,0","3,2,1,0",6.0,-10.0,-4.0,-12.0,0.5562285347663299,False
10.0,2.0,"2,3,0,1","0,1,2,3",32.0,-15.0,22.0,-17.0,0.8725249153116056,False
10.0,2.0,"2,3,0,1","0,1,3,2",-11.0,-8.0,-21.0,-10.0,0.8728831883780509,False
10.0,2.0,"2,3,0,1","0,2,1,3",13.0,0.0,3.0,-2.0,0.8288781688630597,False
10.0,2.0,"2,3,0,1","0,2,3,1",56.0,-15.0,46.0,-17.0,0.6139235884238066,False
10.0,2.0,"2,3,0,1","0,3,1,2",-53.0,3.0,-63.0,1.0,0.834044054455722,False
10.0,2.0,"2,3,0,1","0,3,2,1",-55.0,-3.0,-65.0,-5.0,0.8527530422507507,False
10.0,2.0,"2,3,0,1","1,0,2,3",-57.0,-7.0,-67.0,-9.0,0.7849653118573232,False
10.0,2.0,"2,3,0,1","1,0,3,2",58.0,-1.0,48.0,-3.0,0.8045338751116032,False
10.0,2.0,"2,3,0,1","1,2,0,3",-23.0,-4.0,-33.0,-6.0,0.6769622657220319,False
10.0,2.0,"2,3,0,1","1,2,3,0",56.0,-18.0,46.0,-20.0,0.5964966997908915,False
10.0,2.0,"2,3,0,1","1,3,0,2",-60.0,-10.0,-70.0,-12.0,0.8665214067272674,False
10.0,2.0,"2,3,0,1","1,3,2,0",-28.0,-16.0,-38.0,-18.0,0.8593175932296228,False
10.0,2.0,"2,3,0,1","2,0,1,3",-11.0,-8.0,-21.0,-10.0,0.5881796956336637,False
10.0,2.0,"2,3,0,1","2,0,3,1",15.0,-17.0,5.0,-19.0,0.8169305137481594,False
10.0,2.0,"2,3,0,1","2,1,0,3",-12.0,-9.0,-22.0,-11.0,0.8842519357038263,False
10.0,2.0,"2,3,0,1","2,1,3,0",-18.0,5.0,-28.0,3.0,0.8656758194693237,False
10.0,2.0,"2,3,0,1","2,3,0,1",58.0,-12.0,48.0,-14.0,0.8586210973978657,False
10.0,2.0,"2,3,0,1","2,3,1,0",-39.0,-16.0,-49.0,-18.0,0.8454979046267465,False
10.0,2.0,"2,3,0,1","3,0,1,2",-18.0,5.0,-28.0,3.0,0.5791043061614262,False
10.0,2.0,"2,3,0,1","3,0,2,1",60.0,13.0,50.0,11.0,0.7892206480504276,False
10.0,2.0,"2,3,0,1","3,1,0,2",-19.0,-19.0,-29.0,-21.0,0.8525950803554124,False
10.0,2.0,"2,3,0,1","3,1,2,0",33.0,18.0,23.0,16.0,0.8603148915861293,False
10.0,2.0,"2,3,0,1","3,2,0,1",-25.0,-8.0,-35.0,-10.0,0.6531755798970168,False
10.0,2.0,"2,3,0,1","3,2,1,0",2.0,-10.0,-8.0,-12.0,0.8237274637935215,False
10.0,2.0,"2,3,1,0","0,1,2,3",3.0,1.0,-7.0,-1.0,0.6533169186245528,False
10.0,2.0,"2,3,1,0","0,1,3,2",51.0,-16.0,41.0,-18.0,0.6279903930116083,False
10.0,2.0,"2,3,1,0","0,2,1,3",-22.0,-11.0,-32.0,-13.0,0.6327700329266314,False
10.0,2.0,"2,3,1,0","0,2,3,1",-52.0,15.0,-62.0,13.0,0.4627347026141344,False
10.0,2.0,"2,3,1,0","0,3,1,2",-19.0,-10.0,-29.0,-12.0,0.6048745512901597,False
10.0,2.0,"2,3,1,0","0,3,2,1",3.0,0.0,-7.0,-2.0,0.6420153889307674,False
10.0,2.0,"2,3,1,0","1,0,2,3",-36.0,-3.0,-46.0,-5.0,0.5671039730954792,False
10.0,2.0,"2,3,1,0","1,0,3,2",36.0,20.0,26.0,18.0,0.6113073284382984,False
10.0,2.0,"2,3,1,0","1,2,0,3",30.0,16.0,20.0,14.0,0.5152723639392708,False
10.0,2.0,"2,3,1,0","1,2,3,0",-2.0,-15.0,-12.0,-17.0,0.4682172004858898,False
10.0,2.0,"2,3,1,0","1,3,0,2",54.0,17.0,44.0,15.0,0.6483529067786694,False
10.0,2.0,"2,3,1,0","1,3,2,0",-35.0,-9.0,-45.0,-11.0,0.6328482786164839,False
10.0,2.0,"2,3,1,0","2,0,1,3",51.0,-16.0,41.0,-18.0,0.42132843520335567,False
10.0,2.0,"2,3,1,0","2,0,3,1",-1.0,8.0,-11.0,6.0,0.5996063053048454,False
10.0,2.0,"2,3,1,0","2,1,0,3",17.0,-12.0,7.0,-14.0,0.6550339624570463,False
10.0,2.0,"2,3,1,0","2,1,3,0",13.0,14.0,3.0,12.0,0.628627674607118,False
10.0,2.0,"2,3,1,0","2,3,0,1",-29.0,-2.0,-39.0,-4.0,0.6535133803663306,False
10.0,2.0,"2,3,1,0","2,3,1,0",58.0,-14.0,48.0,-16.0,0.6298798875824406,False
10.0,2.0,"2,3,1,0","3,0,1,2",13.0,14.0,3.0,12.0,0.4230095697961973,False
10.0,2.0,"2,3,1,0","3,0,2,1",47.0,5.0,37.0,3.0,0.5790467359283886,False
10.0,2.0,"2,3,1,0","3,1,0,2",-44.0,15.0,-54.0,13.0,0.6350974168100789,False
10.0,2.0,"2,3,1,0","3,1,2,0",28.0,-4.0,18.0,-6.0,0.662925712297442,False
10.0,2.0,"2,3,1,0","3,2,0,1",-12.0,-1.0,-22.0,-3.0,0.5183568301789323,False
10.0,2.0,"2,3,1,0","3,2,1,0",56.0,-14.0,46.0,-16.0,0.6303600935112712,False
10.0,2.0,"3,0,1,2","0,1,2,3",-25.0,0.0,-35.0,-2.0,0.8336379234750569,False
10.0,2.0,"3,0,1,2","0,1,3,2",-12.0,12.0,-22.0,10.0,0.8217046308350073,False
10.0,2.0,"3,0,1,2","0,2,1,3",-47.0,-7.0,-57.0,-9.0,0.7933355515089673,False
10.0,2.0,"3,0,1,2","0,2,3,1",-47.0,-7.0,-57.0,-9.0,0.5766307619179446,False
10.0,2.0,"3,0,1,2","0,3,1,2",33.0,10.0,23.0,8.0,0.7876053306998906,False
10.0,2.0,"3,0,1,2","0,3,2,1",-34.0,-8.0,-44.0,-10.0,0.8132922087739197,False
10.0,2.0,"3,0,1,2","1,0,2,3",-57.0,-7.0,-67.0,-9.0,0.7355987135794245,False
10.0,2.0,"3,0,1,2","1,0,3,2",-6.0,10.0,-16.0,8.0,0.7694897551827354,False
10.0,2.0,"3,0,1,2","1,2,0,3",-27.0,-3.0,-37.0,-5.0,0.6377253963212651,False
10.0,2.0,"3,0,1,2","1,2,3,0",-21.0,-17.0,-31.0,-19.0,0.5739102333407489,False
10.0,2.0,"3,0,1,2","1,3,0,2",58.0,-7.0,48.0,-9.0,0.8284189072513529,False
10.0,2.0,"3,0,1,2","1,3,2,0",-12.0,-12.0,-22.0,-14.0,0.8202146255070863,False
10.0,2.0,"3,0,1,2","2,0,1,3",-12.0,12.0,-22.0,10.0,0.5533776527899733,False
10.0,2.0,"3,0,1,2","2,0,3,1",33.0,-20.0,23.0,-22.0,0.757880823098396,False
10.0,2.0,"3,0,1,2","2,1,0,3",30.0,13.0,20.0,11.0,0.8256197849556304,False
10.0,2.0,"3,0,1,2","2,1,3,0",-18.0,5.0,-28.0,3.0,0.8186955364672541,False
10.0,2.0,"3,0,1,2","2,3,0,1",-58.0,-13.0,-68.0,-15.0,0.8258625134267898,False
10.0,2.0,"3,0,1,2","2,3,1,0",35.0,11.0,25.0,9.0,0.7851156450729584,False
10.0,2.0,"3,0,1,2","3,0,1,2",-18.0,5.0,-28.0,3.0,0.5476762778171975,False
10.0,2.0,"3,0,1,2","3,0,2,1",55.0,7.0,45.0,5.0,0.7341513501407145,False
10.0,2.0,"3,0,1,2","3,1,0,2",-18.0,-5.0,-28.0,-7.0,0.8034558075842306,False
10.0,2.0,"3,0,1,2","3,1,2,0",36.0,-5.0,26.0,-7.0,0.8125387765882618,False
10.0,2.0,"3,0,1,2","3,2,0,1",-50.0,-13.0,-60.0,-15.0,0.6469943949410188,False
10.0,2.0,"3,0,1,2","3,2,1,0",-21.0,-17.0,-31.0,-19.0,0.7956834742775144,False
10.0,2.0,"3,0,2,1","0,1,2,3",58.0,13.0,48.0,11.0,0.5594215710687076,False
10.0,2.0,"3,0,2,1","0,1,3,2",-35.0,-11.0,-45.0,-13.0,0.5944627560179667,False
10.0,2.0,"3,0,2,1","0,2,1,3",60.0,-15.0,50.0,-17.0,0.5609856187162808,False
10.0,2.0,"3,0,2,1","0,2,3,1",-56.0,18.0,-66.0,16.0,0.3966038630404647,False
10.0,2.0,"3,0,2,1","0,3,1,2",18.0,-5.0,8.0,-7.0,0.5745266774001703,False
10.0,2.0,"3,0,2,1","0,3,2,1",12.0,9.0,2.0,7.0,0.5805743709418223,False
10.0,2.0,"3,0,2,1","1,0,2,3",-22.0,20.0,-32.0,18.0,0.5251425467691544,False
10.0,2.0,"3,0,2,1","1,0,3,2",28.0,-13.0,18.0,-15.0,0.5465269331862762,False
10.0,2.0,"3,0,2,1","1,2,0,3",-9.0,-7.0,-19.0,-9.0,0.4646023330008064,False
10.0,2.0,"3,0,2,1","1,2,3,0",-55.0,0.0,-65.0,-2.0,0.40799295131496915,False
10.0,2.0,"3,0,2,1","1,3,0,2",39.0,-13.0,29.0,-15.0,0.5855710934116564,False
10.0,2.0,"3,0,2,1","1,3,2,0",19.0,19.0,9.0,17.0,0.5915049189393217,False
10.0,2.0,"3,0,2,1","2,0,1,3",-35.0,-11.0,-45.0,-13.0,0.40022022562831266,False
10.0,2.0,"3,0,2,1","2,0,3,1",-13.0,0.0,-23.0,-2.0,0.5514747594418486,False
10.0,2.0,"3,0,2,1","2,1,0,3",15.0,2.0,5.0,0.0,0.5980928851674573,False
10.0,2.0,"3,0,2,1","2,1,3,0",-53.0,4.0,-63.0,2.0,0.5941072591610411,False
10.0,2.0,"3,0,2,1","2,3,0,1",25.0,0.0,15.0,-2.0,0.5797474909670409,False
10.0,2.0,"3,0,2,1","2,3,1,0",7.0,5.0,-3.0,3.0,0.5443013584534772,False
10.0,2.0,"3,0,2,1","3,0,1,2",-53.0,4.0,-63.0,2.0,0.39982156899861954,False
10.0,2.0,"3,0,2,1","3,0,2,1",-58.0,17.0,-68.0,15.0,0.5307812653104895,False
10.0,2.0,"3,0,2,1","3,1,0,2",-53.0,-4.0,-63.0,-6.0,0.5943592597911389,False
10.0,2.0,"3,0,2,1","3,1,2,0",36.0,-19.0,26.0,-21.0,0.5962316511643388,False
10.0,2.0,"3,0,2,1","3,2,0,1",57.0,7.0,47.0,5.0,0.4570206038139082,False
10.0,2.0,"3,0,2,1","3,2,1,0",6.0,-10.0,-4.0,-12.0,0.5562285347640948,False
10.0,2.0,"3,1,0,2","0,1,2,3",41.0,6.0,31.0,4.0,0.783629416099804,False
10.0,2.0,"3,1,0,2","0,1,3,2",-46.0,-11.0,-56.0,-13.0,0.7805761220872569,False
10.0,2.0,"3,1,0,2","0,2,1,3",-59.0,-13.0,-69.0,-15.0,0.757752391486416,False
10.0,2.0,"3,1,0,2","0,2,3,1",-59.0,-13.0,-69.0,-15.0,0.5494352436576165,False
10.0,2.0,"3,1,0,2","0,3,1,2",-40.0,19.0,-50.0,17.0,0.7339983561337732,False
10.0,2.0,"3,1,0,2","0,3,2,1",-17.0,12.0,-27.0,10.0,0.7733487054499711,False
10.0,2.0,"3,1,0,2","1,0,2,3",42.0,-12.0,32.0,-14.0,0.7004371068422841,False
10.0,2.0,"3,1,0,2","1,0,3,2",33.0,-3.0,23.0,-5.0,0.7282876110324966,False
10.0,2.0,"3,1,0,2","1,2,0,3",-10.0,-13.0,-20.0,-15.0,0.615570078792185,False
10.0,2.0,"3,1,0,2","1,2,3,0",7.0,2.0,-3.0,0.0,0.5513856610471854,False
10.0,2.0,"3,1,0,2","1,3,0,2",-56.0,4.0,-66.0,2.0,0.7878991907711274,False
10.0,2.0,"3,1,0,2","1,3,2,0",44.0,-15.0,34.0,-17.0,0.7268368466503304,False
10.0,2.0,"3,1,0,2","2,0,1,3",-46.0,-11.0,-56.0,-13.0,0.5259261277651965,False
10.0,2.0,"3,1,0,2","2,0,3,1",13.0,-9.0,3.0,-11.0,0.7262506995862495,False
10.0,2.0,"3,1,0,2","2,1,0,3",51.0,7.0,41.0,5.0,0.787211501032861,False
10.0,2.0,"3,1,0,2","2,1,3,0",-58.0,6.0,-68.0,4.0,0.7897590888979292,False
10.0,2.0,"3,1,0,2","2,3,0,1",1.0,9.0,-9.0,7.0,0.7884823724467973,False
10.0,2.0,"3,1,0,2","2,3,1,0",-16.0,-12.0,-26.0,-14.0,0.7409129441053705,False
10.0,2.0,"3,1,0,2","3,0,1,2",-58.0,6.0,-68.0,4.0,0.5318985404002394,False
10.0,2.0,"3,1,0,2","3,0,2,1",-43.0,-8.0,-53.0,-10.0,0.7035665070586247,False
10.0,2.0,"3,1,0,2","3,1,0,2",-58.0,-6.0,-68.0,-8.0,0.7900030225446508,False
10.0,2.0,"3,1,0,2","3,1,2,0",-56.0,7.0,-66.0,5.0,0.7876511527310774,False
10.0,2.0,"3,1,0,2","3,2,0,1",32.0,-9.0,22.0,-11.0,0.6241767190289987,False
10.0,2.0,"3,1,0,2","3,2,1,0",-26.0,-17.0,-36.0,-19.0,0.76047374699774,False
10.0,2.0,"3,1,2,0","0,1,2,3",20.0,7.0,10.0,5.0,0.9790266238303509,False
10.0,2.0,"3,1,2,0","0,1,3,2",40.0,-1.0,30.0,-3.0,0.9610448153891946,False
10.0,2.0,"3,1,2,0","0,2,1,3",-23.0,17.0,-33.0,15.0,0.9073383706556062,False
10.0,2.0,"3,1,2,0","0,2,3,1",-23.0,17.0,-33.0,15.0,0.6984468539367107,False
10.0,2.0,"3,1,2,0","0,3,1,2",35.0,-19.0,25.0,-21.0,0.9413292294348314,False
10.0,2.0,"3,1,2,0","0,3,2,1",20.0,-17.0,10.0,-19.0,0.8910717883070225,False
10.0,2.0,"3,1,2,0","1,0,2,3",-52.0,20.0,-62.0,18.0,0.8661597124780249,False
10.0,2.0,"3,1,2,0","1,0,3,2",20.0,-13.0,10.0,-15.0,0.891510848727904,False
10.0,2.0,"3,1,2,0","1,2,0,3",-3.0,-7.0,-13.0,-9.0,0.7652533883286302,False
10.0,2.0,"3,1,2,0","1,2,3,0",-21.0,-20.0,-31.0,-22.0,0.6745635436772229,False
10.0,2.0,"3,1,2,0","1,3,0,2",-11.0,-14.0,-21.0,-16.0,0.9258308380778257,False
10.0,2.0,"3,1,2,0","1,3,2,0",35.0,19.0,25.0,17.0,0.9601285232234541,False
10.0,2.0,"3,1,2,0","2,0,1,3",40.0,1.0,30.0,-1.0,0.6463855475767075,False
10.0,2.0,"3,1,2,0","2,0,3,1",37.0,1.0,27.0,-1.0,0.8861937410289693,False
10.0,2.0,"3,1,2,0","2,1,0,3",-1.0,-12.0,-11.0,-14.0,0.9550620513085162,False
10.0,2.0,"3,1,2,0","2,1,3,0",-39.0,4.0,-49.0,2.0,0.9819100703776602,False
10.0,2.0,"3,1,2,0","2,3,0,1",52.0,-16.0,42.0,-18.0,0.9644249210539373,False
10.0,2.0,"3,1,2,0","2,3,1,0",21.0,3.0,11.0,1.0,0.9229649693970916,False
10.0,2.0,"3,1,2,0","3,0,1,2",-39.0,4.0,-49.0,2.0,0.6602943412076031,False
10.0,2.0,"3,1,2,0","3,0,2,1",-30.0,17.0,-40.0,15.0,0.858184225278786,False
10.0,2.0,"3,1,2,0","3,1,0,2",-39.0,-4.0,-49.0,-6.0,0.9816787140998692,False
10.0,2.0,"3,1,2,0","3,1,2,0",40.0,-13.0,30.0,-15.0,0.9786462335316773,False
10.0,2.0,"3,1,2,0","3,2,0,1",-31.0,17.0,-41.0,15.0,0.7517736185565747,False
10.0,2.0,"3,1,2,0","3,2,1,0",26.0,3.0,16.0,1.0,0.9297799079239648,False
10.0,2.0,"3,2,0,1","0,1,2,3",3.0,1.0,-7.0,-1.0,0.6533169186240271,False
10.0,2.0,"3,2,0,1","0,1,3,2",51.0,-16.0,41.0,-18.0,0.6279903929981145,False
10.0,2.0,"3,2,0,1","0,2,1,3",-22.0,-11.0,-32.0,-13.0,0.6327700329343833,False
10.0,2.0,"3,2,0,1","0,2,3,1",-52.0,15.0,-62.0,13.0,0.4627347026253551,False
10.0,2.0,"3,2,0,1","0,3,1,2",-19.0,-10.0,-29.0,-12.0,0.6048745512965441,False
10.0,2.0,"3,2,0,1","0,3,2,1",3.0,0.0,-7.0,-2.0,0.6420153889302818,False
10.0,2.0,"3,2,0,1","1,0,2,3",-36.0,-3.0,-46.0,-5.0,0.5671039731064993,False
10.0,2.0,"3,2,0,1","1,0,3,2",36.0,20.0,26.0,18.0,0.6113073284278291,False
10.0,2.0,"3,2,0,1","1,2,0,3",30.0,16.0,20.0,14.0,0.515272363932427,False
10.0,2.0,"3,2,0,1","1,2,3,0",-2.0,-15.0,-12.0,-17.0,0.4682172004869272,False
10.0,2.0,"3,2,0,1","1,3,0,2",54.0,17.0,44.0,15.0,0.6483529067648696,False
10.0,2.0,"3,2,0,1","1,3,2,0",-35.0,-9.0,-45.0,-11.0,0.6328482786286213,False
10.0,2.0,"3,2,0,1","2,0,1,3",51.0,-16.0,41.0,-18.0,0.4213284351943453,False
10.0,2.0,"3,2,0,1","2,0,3,1",-1.0,8.0,-11.0,6.0,0.599606305306143,False
10.0,2.0,"3,2,0,1","2,1,0,3",17.0,-12.0,7.0,-14.0,0.6550339624521451,False
10.0,2.0,"3,2,0,1","2,1,3,0",13.0,14.0,3.0,12.0,0.6286276746029631,False
10.0,2.0,"3,2,0,1","2,3,0,1",-29.0,-2.0,-39.0,-4.0,0.6535133803766229,False
10.0,2.0,"3,2,0,1","2,3,1,0",58.0,-14.0,48.0,-16.0,0.6298798875666592,False
10.0,2.0,"3,2,0,1","3,0,1,2",13.0,14.0,3.0,12.0,0.4230095697934086,False
10.0,2.0,"3,2,0,1","3,0,2,1",47.0,5.0,37.0,3.0,0.5790467359157324,False
10.0,2.0,"3,2,0,1","3,1,0,2",-44.0,15.0,-54.0,13.0,0.6350974168240485,False
10.0,2.0,"3,2,0,1","3,1,2,0",28.0,-4.0,18.0,-6.0,0.6629257122886659,False
10.0,2.0,"3,2,0,1","3,2,0,1",-12.0,-1.0,-22.0,-3.0,0.5183568301828185,False
10.0,2.0,"3,2,0,1","3,2,1,0",56.0,-14.0,46.0,-16.0,0.6303600934976668,False
10.0,2.0,"3,2,1,0","0,1,2,3",-44.0,-8.0,-54.0,-10.0,0.9640654611635429,False
10.0,2.0,"3,2,1,0","0,1,3,2",-25.0,-7.0,-35.0,-9.0,0.9888674693901667,False
10.0,2.0,"3,2,1,0","0,2,1,3",-30.0,15.0,-40.0,13.0,0.9411615746585061,False
10.0,2.0,"3,2,1,0","0,2,3,1",-30.0,15.0,-40.0,13.0,0.6980850143694828,False
10.0,2.0,"3,2,1,0","0,3,1,2",23.0,-19.0,13.0,-21.0,0.9337036213870831,False
10.0,2.0,"3,2,1,0","0,3,2,1",28.0,-9.0,18.0,-11.0,0.9471241184898834,False
10.0,2.0,"3,2,1,0","1,0,2,3",36.0,-17.0,26.0,-19.0,0.8912162130078782,False
10.0,2.0,"3,2,1,0","1,0,3,2",47.0,17.0,37.0,15.0,0.9133393369990108,False
10.0,2.0,"3,2,1,0","1,2,0,3",-15.0,20.0,-25.0,18.0,0.7793764101514592,False
10.0,2.0,"3,2,1,0","1,2,3,0",30.0,-10.0,20.0,-12.0,0.6884011824406283,False
10.0,2.0,"3,2,1,0","1,3,0,2",-54.0,13.0,-64.0,11.0,0.9829030387726505,False
10.0,2.0,"3,2,1,0","1,3,2,0",23.0,19.0,13.0,17.0,0.9567718308343532,False
10.0,2.0,"3,2,1,0","2,0,1,3",-25.0,-7.0,-35.0,-9.0,0.6656521460419861,False
10.0,2.0,"3,2,1,0","2,0,3,1",52.0,2.0,42.0,0.0,0.9065666157224724,False
10.0,2.0,"3,2,1,0","2,1,0,3",-10.0,2.0,-20.0,0.0,0.9839965760338675,False
10.0,2.0,"3,2,1,0","2,1,3,0",-48.0,6.0,-58.0,4.0,0.9771759224433009,False
10.0,2.0,"3,2,1,0","2,3,0,1",-10.0,-2.0,-20.0,-4.0,0.9631527887760565,False
10.0,2.0,"3,2,1,0","2,3,1,0",4.0,-12.0,-6.0,-14.0,0.934311779149449,False
10.0,2.0,"3,2,1,0","3,0,1,2",-48.0,6.0,-58.0,4.0,0.6577457389318235,False
10.0,2.0,"3,2,1,0","3,0,2,1",33.0,19.0,23.0,17.0,0.8769766775221611,False
10.0,2.0,"3,2,1,0","3,1,0,2",4.0,12.0,-6.0,10.0,0.9862930719933015,False
10.0,2.0,"3,2,1,0","3,1,2,0",-52.0,7.0,-62.0,5.0,0.9767063646393476,False
10.0,2.0,"3,2,1,0","3,2,0,1",-19.0,-7.0,-29.0,-9.0,0.7621622221917799,False
10.0,2.0,"3,2,1,0","3,2,1,0",30.0,-10.0,20.0,-12.0,0.9343733817357671,False
30.0,5.0,"0,1,2,3","0,1,2,3",30.0,5.0,0.0,0.0,1.0,True
30.0,5.0,"0,1,2,3","0,1,3,2",28.0,12.0,-2.0,7.0,0.8981437691539206,False
30.0,5.0,"0,1,2,3","0,2,1,3",15.0,-13.0,-15.0,-18.0,0.7693055618498946,False
30.0,5.0,"0,1,2,3","0,2,3,1",-6.0,12.0,-36.0,7.0,0.9133245646386339,False
30.0,5.0,"0,1,2,3","0,3,1,2",32.0,8.0,2.0,3.0,0.8954868609773162,False
30.0,5.0,"0,1,2,3","0,3,2,1",11.0,12.0,-19.0,7.0,0.9249006275356321,False
30.0,5.0,"0,1,2,3","1,0,2,3",-14.0,20.0,-44.0,15.0,0.7336553385373165,False
30.0,5.0,"0,1,2,3","1,0,3,2",-21.0,6.0,-51.0,1.0,0.7406974030707415,False
30.0,5.0,"0,1,2,3","1,2,0,3",50.0,-15.0,20.0,-20.0,0.7721693287383026,False
30.0,5.0,"0,1,2,3","1,2,3,0",-50.0,4.0,-80.0,-1.0,0.9907730542396823,False
30.0,5.0,"0,1,2,3","1,3,0,2",46.0,-15.0,16.0,-20.0,0.9884531944017183,False
30.0,5.0,"0,1,2,3","1,3,2,0",-40.0,4.0,-70.0,-1.0,0.9170504865260457,False
30.0,5.0,"0,1,2,3","2,0,1,3",28.0,1.0,-2.0,-4.0,0.9624853248003392,False
30.0,5.0,"0,1,2,3","2,0,3,1",3.0,11.0,-27.0,6.0,0.7387477980942619,False
30.0,5.0,"0,1,2,3","2,1,0,3",-6.0,-20.0,-36.0,-25.0,0.9482031819006517,False
30.0,5.0,"0,1,2,3","2,1,3,0",41.0,8.0,11.0,3.0,0.9000897580508396,False
30.0,5.0,"0,1,2,3","2,3,0,1",-14.0,20.0,-44.0,15.0,0.9894256016411164,False
30.0,5.0,"0,1,2,3","2,3,1,0",38.0,-19.0,8.0,-24.0,0.8697961413308916,False
30.0,5.0,"0,1,2,3","3,0,1,2",30.0,-18.0,0.0,-23.0,0.9681957580302301,False
30.0,5.0,"0,1,2,3","3,0,2,1",-26.0,0.0,-56.0,-5.0,0.73812269277547,False
30.0,5.0,"0,1,2,3","3,1,0,2",17.0,-11.0,-13.0,-16.0,0.9472165804888738,False
30.0,5.0,"0,1,2,3","3,1,2,0",-43.0,16.0,-73.0,11.0,0.9940361523845529,False
30.0,5.0,"0,1,2,3","3,2,0,1",21.0,-12.0,-9.0,-17.0,0.8105183967889878,False
30.0,5.0,"0,1,2,3","3,2,1,0",-16.0,-18.0,-46.0,-23.0,0.7256508903757052,False
30.0,5.0,"0,1,3,2","0,1,2,3",16.0,13.0,-14.0,8.0,0.9035195590140775,False
30.0,5.0,"0,1,3,2","0,1,3,2",-27.0,14.0,-57.0,9.0,0.8190834035763425,False
30.0,5.0,"0,1,3,2","0,2,1,3",36.0,-8.0,6.0,-13.0,0.6986933542086822,False
30.0,5.0,"0,1,3,2","0,2,3,1",12.0,-17.0,-18.0,-22.0,0.8481514182587608,False
30.0,5.0,"0,1,3,2","0,3,1,2",11.0,-17.0,-19.0,-22.0,0.8194588494927293,False
30.0,5.0,"0,1,3,2","0,3,2,1",11.0,12.0,-19.0,7.0,0.8211451719427736,False
30.0,5.0,"0,1,3,2","1,0,2,3",-14.0,20.0,-44.0,15.0,0.6709720619786779,False
30.0,5.0,"0,1,3,2","1,0,3,2",-21.0,6.0,-51.0,1.0,0.6655050271350406,False
30.0,5.0,"0,1,3,2","1,2,0,3",4.0,-1.0,-26.0,-6.0,0.7188375533068585,False
30.0,5.0,"0,1,3,2","1,2,3,0",-50.0,4.0,-80.0,-1.0,0.8841424353808964,False
30.0,5.0,"0,1,3,2","1,3,0,2",59.0,-15.0,29.0,-20.0,0.8961877664202269,False
30.0,5.0,"0,1,3,2","1,3,2,0",-48.0,7.0,-78.0,2.0,0.8378868639454716,False
30.0,5.0,"0,1,3,2","2,0,1,3",60.0,3.0,30.0,-2.0,0.8826313557595593,False
30.0,5.0,"0,1,3,2","2,0,3,1",3.0,11.0,-27.0,6.0,0.6656141626231842,False
30.0,5.0,"0,1,3,2","2,1,0,3",-6.0,-20.0,-36.0,-25.0,0.860689510258951,False
30.0,5.0,"0,1,3,2","2,1,3,0",41.0,8.0,11.0,3.0,0.843725496597473,False
30.0,5.0,"0,1,3,2","2,3,0,1",-14.0,20.0,-44.0,15.0,0.9048893959269925,False
30.0,5.0,"0,1,3,2","2,3,1,0",9.0,-5.0,-21.0,-10.0,0.7947011103084519,False
30.0,5.0,"0,1,3,2","3,0,1,2",30.0,-18.0,0.0,-23.0,0.8865877518912401,False
30.0,5.0,"0,1,3,2","3,0,2,1",-54.0,9.0,-84.0,4.0,0.6660835082534735,False
30.0,5.0,"0,1,3,2","3,1,0,2",17.0,-11.0,-13.0,-16.0,0.8707678007142047,False
30.0,5.0,"0,1,3,2","3,1,2,0",-43.0,16.0,-73.0,11.0,0.8909436702352901,False
30.0,5.0,"0,1,3,2","3,2,0,1",21.0,-12.0,-9.0,-17.0,0.7383064048963595,False
30.0,5.0,"0,1,3,2","3,2,1,0",-16.0,-18.0,-46.0,-23.0,0.6535614231186758,False
30.0,5.0,"0,2,1,3","0,1,2,3",16.0,13.0,-14.0,8.0,0.903988349366493,False
30.0,5.0,"0,2,1,3","0,1,3,2",-27.0,14.0,-57.0,9.0,0.8174872899796978,False
30.0,5.0,"0,2,1,3","0,2,1,3",36.0,-8.0,6.0,-13.0,0.6987214362772338,False
30.0,5.0,"0,2,1,3","0,2,3,1",12.0,-17.0,-18.0,-22.0,0.846949578007854,False
30.0,5.0,"0,2,1,3","0,3,1,2",11.0,-17.0,-19.0,-22.0,0.8190071571856825,False
30.0,5.0,"0,2,1,3","0,3,2,1",11.0,12.0,-19.0,7.0,0.8216203545584947,False
30.0,5.0,"0,2,1,3","1,0,2,3",-14.0,20.0,-44.0,15.0,0.6708849612498562,False
30.0,5.0,"0,2,1,3","1,0,3,2",-21.0,6.0,-51.0,1.0,0.6655922652792189,False
30.0,5.0,"0,2,1,3","1,2,0,3",4.0,-1.0,-26.0,-6.0,0.717934069200869,False
30.0,5.0,"0,2,1,3","1,2,3,0",-50.0,4.0,-80.0,-1.0,0.8839041611526198,False
30.0,5.0,"0,2,1,3","1,3,0,2",59.0,-15.0,29.0,-20.0,0.8963186441328601,False
30.0,5.0,"0,2,1,3","1,3,2,0",-48.0,7.0,-78.0,2.0,0.8365962581145475,False
30.0,5.0,"0,2,1,3","2,0,1,3",60.0,3.0,30.0,-2.0,0.882623745374349,False
30.0,5.0,"0,2,1,3","2,0,3,1",3.0,11.0,-27.0,6.0,0.6659443620942693,False
30.0,5.0,"0,2,1,3","2,1,0,3",-6.0,-20.0,-36.0,-25.0,0.8608734678122986,False
30.0,5.0,"0,2,1,3","2,1,3,0",41.0,8.0,11.0,3.0,0.8434878044395406,False
30.0,5.0,"0,2,1,3","2,3,0,1",-14.0,20.0,-44.0,15.0,0.9047719297456613,False
30.0,5.0,"0,2,1,3","2,3,1,0",9.0,-5.0,-21.0,-10.0,0.7944041820011652,False
30.0,5.0,"0,2,1,3","3,0,1,2",30.0,-18.0,0.0,-23.0,0.8870269433863742,False
30.0,5.0,"0,2,1,3","3,0,2,1",-54.0,9.0,-84.0,4.0,0.6654879484510071,False
30.0,5.0,"0,2,1,3","3,1,0,2",17.0,-11.0,-13.0,-16.0,0.8709188554104893,False
30.0,5.0,"0,2,1,3","3,1,2,0",-43.0,16.0,-73.0,11.0,0.8908122564714653,False
30.0,5.0,"0,2,1,3","3,2,0,1",21.0,-12.0,-9.0,-17.0,0.73870989314631,False
30.0,5.0,"0,2,1,3","3,2,1,0",-16.0,-18.0,-46.0,-23.0,0.6536919364576647,False
30.0,5.0,"0,2,3,1","0,1,2,3",22.0,-10.0,-8.0,-15.0,0.7738453643885792,False
30.0,5.0,"0,2,3,1","0,1,3,2",-27.0,14.0,-57.0,9.0,0.7421354440429214,False
30.0,5.0,"0,2,3,1","0,2,1,3",-15.0,-11.0,-45.0,-16.0,0.6028646438452666,False
30.0,5.0,"0,2,3,1","0,2,3,1",12.0,-17.0,-18.0,-22.0,0.7760043887828431,False
30.0,5.0,"0,2,3,1","0,3,1,2",11.0,-17.0,-19.0,-22.0,0.709897755923554,False
30.0,5.0,"0,2,3,1","0,3,2,1",22.0,-8.0,-8.0,-13.0,0.7433106614382435,False
30.0,5.0,"0,2,3,1","1,0,2,3",-18.0,-6.0,-48.0,-11.0,0.566015786767605,False
30.0,5.0,"0,2,3,1","1,0,3,2",-13.0,7.0,-43.0,2.0,0.5674213462531813,False
30.0,5.0,"0,2,3,1","1,2,0,3",4.0,-1.0,-26.0,-6.0,0.6424448590552508,False
30.0,5.0,"0,2,3,1","1,2,3,0",-57.0,19.0,-87.0,14.0,0.7535720942015823,False
30.0,5.0,"0,2,3,1","1,3,0,2",-27.0,16.0,-57.0,11.0,0.7773167525719434,False
30.0,5.0,"0,2,3,1","1,3,2,0",-48.0,7.0,-78.0,2.0,0.7291530218528409,False
30.0,5.0,"0,2,3,1","2,0,1,3",60.0,3.0,30.0,-2.0,0.7690760729638698,False
30.0,5.0,"0,2,3,1","2,0,3,1",56.0,5.0,26.0,0.0,0.5739332066809583,False
30.0,5.0,"0,2,3,1","2,1,0,3",-14.0,2.0,-44.0,-3.0,0.7394108069919451,False
30.0,5.0,"0,2,3,1","2,1,3,0",-30.0,-1.0,-60.0,-6.0,0.7546083192825751,False
30.0,5.0,"0,2,3,1","2,3,0,1",-18.0,-6.0,-48.0,-11.0,0.7774803314855796,False
30.0,5.0,"0,2,3,1","2,3,1,0",-32.0,13.0,-62.0,8.0,0.7157007808621885,False
30.0,5.0,"0,2,3,1","3,0,1,2",11.0,19.0,-19.0,14.0,0.7563729351558467,False
30.0,5.0,"0,2,3,1","3,0,2,1",-27.0,16.0,-57.0,11.0,0.5744350392958772,False
30.0,5.0,"0,2,3,1","3,1,0,2",22.0,-8.0,-8.0,-13.0,0.7365753366305663,False
30.0,5.0,"0,2,3,1","3,1,2,0",4.0,1.0,-26.0,-4.0,0.7800140262128459,False
30.0,5.0,"0,2,3,1","3,2,0,1",-34.0,17.0,-64.0,12.0,0.6367978319127604,False
30.0,5.0,"0,2,3,1","3,2,1,0",51.0,-2.0,21.0,-7.0,0.5858853273728493,False
30.0,5.0,"0,3,1,2","0,1,2,3",22.0,-10.0,-8.0,-15.0,0.7776455902373409,False
30.0,5.0,"0,3,1,2","0,1,3,2",-27.0,14.0,-57.0,9.0,0.7451468945626897,False
30.0,5.0,"0,3,1,2","0,2,1,3",18.0,-11.0,-12.0,-16.0,0.6055655355849435,False
30.0,5.0,"0,3,1,2","0,2,3,1",12.0,-17.0,-18.0,-22.0,0.7794064890448298,False
30.0,5.0,"0,3,1,2","0,3,1,2",11.0,-17.0,-19.0,-22.0,0.7135398866549331,False
30.0,5.0,"0,3,1,2","0,3,2,1",22.0,-8.0,-8.0,-13.0,0.7468483382914134,False
30.0,5.0,"0,3,1,2","1,0,2,3",-50.0,-11.0,-80.0,-16.0,0.5680699377690557,False
30.0,5.0,"0,3,1,2","1,0,3,2",-13.0,7.0,-43.0,2.0,0.5701314691322621,False
30.0,5.0,"0,3,1,2","1,2,0,3",4.0,-1.0,-26.0,-6.0,0.645581933083072,False
30.0,5.0,"0,3,1,2","1,2,3,0",-57.0,19.0,-87.0,14.0,0.7556719325516851,False
30.0,5.0,"0,3,1,2","1,3,0,2",-27.0,16.0,-57.0,11.0,0.7805665307937864,False
30.0,5.0,"0,3,1,2","1,3,2,0",-48.0,7.0,-78.0,2.0,0.7322699800589065,False
30.0,5.0,"0,3,1,2","2,0,1,3",60.0,3.0,30.0,-2.0,0.7735708132469188,False
30.0,5.0,"0,3,1,2","2,0,3,1",56.0,5.0,26.0,0.0,0.5770952913510315,False
30.0,5.0,"0,3,1,2","2,1,0,3",-14.0,2.0,-44.0,-3.0,0.740810475956859,False
30.0,5.0,"0,3,1,2","2,1,3,0",-30.0,-1.0,-60.0,-6.0,0.7578151924821213,False
30.0,5.0,"0,3,1,2","2,3,0,1",-18.0,-6.0,-48.0,-11.0,0.7801604307753321,False
30.0,5.0,"0,3,1,2","2,3,1,0",-32.0,13.0,-62.0,8.0,0.7180722336002369,False
30.0,5.0,"0,3,1,2","3,0,1,2",11.0,19.0,-19.0,14.0,0.7602961595511223,False
30.0,5.0,"0,3,1,2","3,0,2,1",-27.0,16.0,-57.0,11.0,0.576836616869512,False
30.0,5.0,"0,3,1,2","3,1,0,2",22.0,-8.0,-8.0,-13.0,0.7400809577042169,False
30.0,5.0,"0,3,1,2","3,1,2,0",4.0,1.0,-26.0,-4.0,0.7838228538631602,False
30.0,5.0,"0,3,1,2","3,2,0,1",-34.0,17.0,-64.0,12.0,0.6394972660117143,False
30.0,5.0,"0,3,1,2","3,2,1,0",51.0,-2.0,21.0,-7.0,0.5881581723550194,False
30.0,5.0,"0,3,2,1","0,1,2,3",24.0,7.0,-6.0,2.0,0.7589165427585586,False
30.0,5.0,"0,3,2,1","0,1,3,2",31.0,-3.0,1.0,-8.0,0.7216645083467546,False
30.0,5.0,"0,3,2,1","0,2,1,3",-15.0,-11.0,-45.0,-16.0,0.5890528542812122,False
30.0,5.0,"0,3,2,1","0,2,3,1",-40.0,15.0,-70.0,10.0,0.7531293385581163,False
30.0,5.0,"0,3,2,1","0,3,1,2",4.0,2.0,-26.0,-3.0,0.6862692083545943,False
30.0,5.0,"0,3,2,1","0,3,2,1",-31.0,-3.0,-61.0,-8.0,0.7139226304774183,False
30.0,5.0,"0,3,2,1","1,0,2,3",-24.0,-7.0,-54.0,-12.0,0.5475331746320812,False
30.0,5.0,"0,3,2,1","1,0,3,2",-48.0,11.0,-78.0,6.0,0.560608059266651,False
30.0,5.0,"0,3,2,1","1,2,0,3",6.0,0.0,-24.0,-5.0,0.6128048861402745,False
30.0,5.0,"0,3,2,1","1,2,3,0",40.0,15.0,10.0,10.0,0.7376466022860263,False
30.0,5.0,"0,3,2,1","1,3,0,2",-6.0,0.0,-36.0,-5.0,0.7413372064177167,False
30.0,5.0,"0,3,2,1","1,3,2,0",-16.0,5.0,-46.0,0.0,0.7101203139901805,False
30.0,5.0,"0,3,2,1","2,0,1,3",-26.0,-11.0,-56.0,-16.0,0.729896796470547,False
30.0,5.0,"0,3,2,1","2,0,3,1",56.0,5.0,26.0,0.0,0.5460248011644646,False
30.0,5.0,"0,3,2,1","2,1,0,3",-14.0,2.0,-44.0,-3.0,0.7253895317196832,False
30.0,5.0,"0,3,2,1","2,1,3,0",-40.0,17.0,-70.0,12.0,0.7274591523822214,False
30.0,5.0,"0,3,2,1","2,3,0,1",-18.0,-6.0,-48.0,-11.0,0.7500884919637203,False
30.0,5.0,"0,3,2,1","2,3,1,0",-31.0,3.0,-61.0,-2.0,0.690982076481497,False
30.0,5.0,"0,3,2,1","3,0,1,2",-40.0,-15.0,-70.0,-20.0,0.7444343152927027,False
30.0,5.0,"0,3,2,1","3,0,2,1",-6.0,0.0,-36.0,-5.0,0.5481473388857093,False
30.0,5.0,"0,3,2,1","3,1,0,2",20.0,-6.0,-10.0,-11.0,0.713244619035599,False
30.0,5.0,"0,3,2,1","3,1,2,0",6.0,0.0,-24.0,-5.0,0.7578787661706905,False
30.0,5.0,"0,3,2,1","3,2,0,1",24.0,7.0,-6.0,2.0,0.6144713604376711,False
30.0,5.0,"0,3,2,1","3,2,1,0",48.0,-11.0,18.0,-16.0,0.5852198632891933,False
30.0,5.0,"1,0,2,3","0,1,2,3",16.0,13.0,-14.0,8.0,0.9035195590072957,False
30.0,5.0,"1,0,2,3","0,1,3,2",-27.0,14.0,-57.0,9.0,0.8190834035784937,False
30.0,5.0,"1,0,2,3","0,2,1,3",36.0,-8.0,6.0,-13.0,0.6986933542016622,False
30.0,5.0,"1,0,2,3","0,2,3,1",12.0,-17.0,-18.0,-22.0,0.8481514182553082,False
30.0,5.0,"1,0,2,3","0,3,1,2",11.0,-17.0,-19.0,-22.0,0.8194588494883956,False
30.0,5.0,"1,0,2,3","0,3,2,1",11.0,12.0,-19.0,7.0,0.8211451719362575,False
30.0,5.0,"1,0,2,3","1,0,2,3",-14.0,20.0,-44.0,15.0,0.670972061977516,False
30.0,5.0,"1,0,2,3","1,0,3,2",-21.0,6.0,-51.0,1.0,0.6655050271341021,False
30.0,5.0,"1,0,2,3","1,2,0,3",4.0,-1.0,-26.0,-6.0,0.7188375533044654,False
30.0,5.0,"1,0,2,3","1,2,3,0",-50.0,4.0,-80.0,-1.0,0.8841424353827287,False
30.0,5.0,"1,0,2,3","1,3,0,2",59.0,-15.0,29.0,-20.0,0.8961877664085678,False
30.0,5.0,"1,0,2,3","1,3,2,0",-48.0,7.0,-78.0,2.0,0.8378868639494856,False
30.0,5.0,"1,0,2,3","2,0,1,3",60.0,3.0,30.0,-2.0,0.8826313557485813,False
30.0,5.0,"1,0,2,3","2,0,3,1",3.0,11.0,-27.0,6.0,0.6656141626194197,False
30.0,5.0,"1,0,2,3","2,1,0,3",-6.0,-20.0,-36.0,-25.0,0.8606895102558312,False
30.0,5.0,"1,0,2,3","2,1,3,0",41.0,8.0,11.0,3.0,0.8437254965892408,False
30.0,5.0,"1,0,2,3","2,3,0,1",-14.0,20.0,-44.0,15.0,0.9048893959253811,False
30.0,5.0,"1,0,2,3","2,3,1,0",9.0,-5.0,-21.0,-10.0,0.7947011103042236,False
30.0,5.0,"1,0,2,3","3,0,1,2",30.0,-18.0,0.0,-23.0,0.886587751882974,False
30.0,5.0,"1,0,2,3","3,0,2,1",-54.0,9.0,-84.0,4.0,0.6660835082564488,False
30.0,5.0,"1,0,2,3","3,1,0,2",17.0,-11.0,-13.0,-16.0,0.8707678007079348,False
30.0,5.0,"1,0,2,3","3,1,2,0",-43.0,16.0,-73.0,11.0,0.8909436702368991,False
30.0,5.0,"1,0,2,3","3,2,0,1",21.0,-12.0,-9.0,-17.0,0.738306404890224,False
30.0,5.0,"1,0,2,3","3,2,1,0",-16.0,-18.0,-46.0,-23.0,0.6535614231171839,False
30.0,5.0,"1,0,3,2","0,1,2,3",16.0,13.0,-14.0,8.0,0.8176488371537883,False
30.0,5.0,"1,0,3,2","0,1,3,2",-27.0,14.0,-57.0,9.0,0.7810878434145101,False
30.0,5.0,"1,0,3,2","0,2,1,3",36.0,-8.0,6.0,-13.0,0.6470083077627743,False
30.0,5.0,"1,0,3,2","0,2,3,1",12.0,-17.0,-18.0,-22.0,0.8125972724324371,False
30.0,5.0,"1,0,3,2","0,3,1,2",11.0,-17.0,-19.0,-22.0,0.7629448752784126,False
30.0,5.0,"1,0,3,2","0,3,2,1",22.0,-8.0,-8.0,-13.0,0.7807275920293895,False
30.0,5.0,"1,0,3,2","1,0,2,3",-14.0,20.0,-44.0,15.0,0.6110703343437862,False
30.0,5.0,"1,0,3,2","1,0,3,2",-13.0,7.0,-43.0,2.0,0.6052235162001018,False
30.0,5.0,"1,0,3,2","1,2,0,3",4.0,-1.0,-26.0,-6.0,0.680463874320723,False
30.0,5.0,"1,0,3,2","1,2,3,0",60.0,-3.0,30.0,-8.0,0.7937409963832583,False
30.0,5.0,"1,0,3,2","1,3,0,2",59.0,-15.0,29.0,-20.0,0.832614076220247,False
30.0,5.0,"1,0,3,2","1,3,2,0",-48.0,7.0,-78.0,2.0,0.7823690649185917,False
30.0,5.0,"1,0,3,2","2,0,1,3",60.0,3.0,30.0,-2.0,0.8240397396877134,False
30.0,5.0,"1,0,3,2","2,0,3,1",56.0,5.0,26.0,0.0,0.6060143494493703,False
30.0,5.0,"1,0,3,2","2,1,0,3",-6.0,-20.0,-36.0,-25.0,0.7774028317465521,False
30.0,5.0,"1,0,3,2","2,1,3,0",-30.0,-1.0,-60.0,-6.0,0.7980837045286939,False
30.0,5.0,"1,0,3,2","2,3,0,1",-14.0,20.0,-44.0,15.0,0.824104455381643,False
30.0,5.0,"1,0,3,2","2,3,1,0",-32.0,13.0,-62.0,8.0,0.7460605728661404,False
30.0,5.0,"1,0,3,2","3,0,1,2",1.0,19.0,-29.0,14.0,0.8176960306857739,False
30.0,5.0,"1,0,3,2","3,0,2,1",59.0,-15.0,29.0,-20.0,0.6109118018138806,False
30.0,5.0,"1,0,3,2","3,1,0,2",17.0,-11.0,-13.0,-16.0,0.7975022823036152,False
30.0,5.0,"1,0,3,2","3,1,2,0",4.0,1.0,-26.0,-4.0,0.8261741981745053,False
30.0,5.0,"1,0,3,2","3,2,0,1",-34.0,17.0,-64.0,12.0,0.6738592514281984,False
30.0,5.0,"1,0,3,2","3,2,1,0",51.0,-2.0,21.0,-7.0,0.6051562543908613,False
30.0,5.0,"1,2,0,3","0,1,2,3",22.0,-10.0,-8.0,-15.0,0.7776455902307428,False
30.0,5.0,"1,2,0,3","0,1,3,2",-27.0,14.0,-57.0,9.0,0.745146894562942,False
30.0,5.0,"1,2,0,3","0,2,1,3",18.0,-11.0,-12.0,-16.0,0.6055655355802588,False
30.0,5.0,"1,2,0,3","0,2,3,1",12.0,-17.0,-18.0,-22.0,0.7794064890400911,False
30.0,5.0,"1,2,0,3","0,3,1,2",11.0,-17.0,-19.0,-22.0,0.7135398866486994,False
30.0,5.0,"1,2,0,3","0,3,2,1",22.0,-8.0,-8.0,-13.0,0.7468483382850957,False
30.0,5.0,"1,2,0,3","1,0,2,3",-50.0,-11.0,-80.0,-16.0,0.5680699377708288,False
30.0,5.0,"1,2,0,3","1,0,3,2",-13.0,7.0,-43.0,2.0,0.5701314691303749,False
30.0,5.0,"1,2,0,3","1,2,0,3",4.0,-1.0,-26.0,-6.0,0.6455819330792364,False
30.0,5.0,"1,2,0,3","1,2,3,0",-57.0,19.0,-87.0,14.0,0.7556719325556308,False
30.0,5.0,"1,2,0,3","1,3,0,2",-27.0,16.0,-57.0,11.0,0.7805665307935927,False
30.0,5.0,"1,2,0,3","1,3,2,0",-48.0,7.0,-78.0,2.0,0.7322699800598955,False
30.0,5.0,"1,2,0,3","2,0,1,3",60.0,3.0,30.0,-2.0,0.7735708132348338,False
30.0,5.0,"1,2,0,3","2,0,3,1",56.0,5.0,26.0,0.0,0.5770952913430404,False
30.0,5.0,"1,2,0,3","2,1,0,3",-14.0,2.0,-44.0,-3.0,0.7408104759574742,False
30.0,5.0,"1,2,0,3","2,1,3,0",-30.0,-1.0,-60.0,-6.0,0.757815192482205,False
30.0,5.0,"1,2,0,3","2,3,0,1",-18.0,-6.0,-48.0,-11.0,0.7801604307750694,False
30.0,5.0,"1,2,0,3","2,3,1,0",-32.0,13.0,-62.0,8.0,0.7180722336016031,False
30.0,5.0,"1,2,0,3","3,0,1,2",11.0,19.0,-19.0,14.0,0.7602961595449292,False
30.0,5.0,"1,2,0,3","3,0,2,1",-27.0,16.0,-57.0,11.0,0.576836616869348,False
30.0,5.0,"1,2,0,3","3,1,0,2",22.0,-8.0,-8.0,-13.0,0.740080957697966,False
30.0,5.0,"1,2,0,3","3,1,2,0",4.0,1.0,-26.0,-4.0,0.7838228538585219,False
30.0,5.0,"1,2,0,3","3,2,0,1",-34.0,17.0,-64.0,12.0,0.6394972660121065,False
30.0,5.0,"1,2,0,3","3,2,1,0",51.0,-2.0,21.0,-7.0,0.5881581723485191,False
30.0,5.0,"1,2,3,0","0,1,2,3",18.0,6.0,-12.0,1.0,0.7615814559770957,False
30.0,5.0,"1,2,3,0","0,1,3,2",31.0,-3.0,1.0,-8.0,0.7292056016608319,False
30.0,5.0,"1,2,3,0","0,2,1,3",-13.0,15.0,-43.0,10.0,0.5670922525842698,False
30.0,5.0,"1,2,3,0","0,2,3,1",-40.0,15.0,-70.0,10.0,0.7416259261785608,False
30.0,5.0,"1,2,3,0","0,3,1,2",40.0,-17.0,10.0,-22.0,0.6853621959839207,False
30.0,5.0,"1,2,3,0","0,3,2,1",-31.0,-3.0,-61.0,-8.0,0.7065395862945217,False
30.0,5.0,"1,2,3,0","1,0,2,3",-60.0,-5.0,-90.0,-10.0,0.563925569966019,False
30.0,5.0,"1,2,3,0","1,0,3,2",-17.0,13.0,-47.0,8.0,0.5546054264099954,False
30.0,5.0,"1,2,3,0","1,2,0,3",-27.0,-4.0,-57.0,-9.0,0.6157422503708992,False
30.0,5.0,"1,2,3,0","1,2,3,0",40.0,15.0,10.0,10.0,0.7490882910903066,False
30.0,5.0,"1,2,3,0","1,3,0,2",-6.0,0.0,-36.0,-5.0,0.7644838084894254,False
30.0,5.0,"1,2,3,0","1,3,2,0",-24.0,4.0,-54.0,-1.0,0.7117697834441148,False
30.0,5.0,"1,2,3,0","2,0,1,3",-12.0,17.0,-42.0,12.0,0.7481745237863499,False
30.0,5.0,"1,2,3,0","2,0,3,1",15.0,11.0,-15.0,6.0,0.5676197537381705,False
30.0,5.0,"1,2,3,0","2,1,0,3",-22.0,8.0,-52.0,3.0,0.7256031799780256,False
30.0,5.0,"1,2,3,0","2,1,3,0",27.0,-15.0,-3.0,-20.0,0.7129297270583224,False
30.0,5.0,"1,2,3,0","2,3,0,1",-60.0,-5.0,-90.0,-10.0,0.7611552088725223,False
30.0,5.0,"1,2,3,0","2,3,1,0",-31.0,3.0,-61.0,-2.0,0.6838362724651165,False
30.0,5.0,"1,2,3,0","3,0,1,2",-40.0,-15.0,-70.0,-20.0,0.7330637120245537,False
30.0,5.0,"1,2,3,0","3,0,2,1",-6.0,0.0,-36.0,-5.0,0.5652620179008854,False
30.0,5.0,"1,2,3,0","3,1,0,2",20.0,-6.0,-10.0,-11.0,0.7280616528271142,False
30.0,5.0,"1,2,3,0","3,1,2,0",6.0,1.0,-24.0,-4.0,0.7410036477355015,False
30.0,5.0,"1,2,3,0","3,2,0,1",24.0,7.0,-6.0,2.0,0.596797879063606,False
30.0,5.0,"1,2,3,0","3,2,1,0",48.0,-11.0,18.0,-16.0,0.593888650172707,False
30.0,5.0,"1,3,0,2","0,1,2,3",24.0,7.0,-6.0,2.0,0.7490938375166835,False
30.0,5.0,"1,3,0,2","0,1,3,2",31.0,-3.0,1.0,-8.0,0.7253187396111029,False
30.0,5.0,"1,3,0,2","0,2,1,3",-15.0,-11.0,-45.0,-16.0,0.5761554037188842,False
30.0,5.0,"1,3,0,2","0,2,3,1",-40.0,15.0,-70.0,10.0,0.7474528717384243,False
30.0,5.0,"1,3,0,2","0,3,1,2",25.0,19.0,-5.0,14.0,0.6723699716280402,False
30.0,5.0,"1,3,0,2","0,3,2,1",-31.0,-3.0,-61.0,-8.0,0.7102398941824827,False
30.0,5.0,"1,3,0,2","1,0,2,3",-24.0,-7.0,-54.0,-12.0,0.5542186542588128,False
30.0,5.0,"1,3,0,2","1,0,3,2",-48.0,11.0,-78.0,6.0,0.5564999018075861,False
30.0,5.0,"1,3,0,2","1,2,0,3",6.0,-1.0,-24.0,-6.0,0.6055849867472521,False
30.0,5.0,"1,3,0,2","1,2,3,0",40.0,15.0,10.0,10.0,0.7430533664981321,False
30.0,5.0,"1,3,0,2","1,3,0,2",-6.0,0.0,-36.0,-5.0,0.7510891408139405,False
30.0,5.0,"1,3,0,2","1,3,2,0",-16.0,5.0,-46.0,0.0,0.7103402563877553,False
30.0,5.0,"1,3,0,2","2,0,1,3",-26.0,-11.0,-56.0,-16.0,0.7263836347838879,False
30.0,5.0,"1,3,0,2","2,0,3,1",15.0,11.0,-15.0,6.0,0.5526837389688586,False
30.0,5.0,"1,3,0,2","2,1,0,3",31.0,3.0,1.0,-2.0,0.7142499546745738,False
30.0,5.0,"1,3,0,2","2,1,3,0",27.0,-15.0,-3.0,-20.0,0.7136297818184251,False
30.0,5.0,"1,3,0,2","2,3,0,1",-24.0,-7.0,-54.0,-12.0,0.7466043664665144,False
30.0,5.0,"1,3,0,2","2,3,1,0",-31.0,3.0,-61.0,-2.0,0.6874176779547978,False
30.0,5.0,"1,3,0,2","3,0,1,2",-40.0,-15.0,-70.0,-20.0,0.7388233843757547,False
30.0,5.0,"1,3,0,2","3,0,2,1",-6.0,0.0,-36.0,-5.0,0.5553579534913008,False
30.0,5.0,"1,3,0,2","3,1,0,2",20.0,-6.0,-10.0,-11.0,0.7198604927286446,False
30.0,5.0,"1,3,0,2","3,1,2,0",6.0,0.0,-24.0,-5.0,0.7472896297526053,False
30.0,5.0,"1,3,0,2","3,2,0,1",24.0,7.0,-6.0,2.0,0.6065182184080904,False
30.0,5.0,"1,3,0,2","3,2,1,0",48.0,-11.0,18.0,-16.0,0.5893972338334049,False
30.0,5.0,"1,3,2,0","0,1,2,3",18.0,6.0,-12.0,1.0,0.7893929972131613,False
30.0,5.0,"1,3,2,0","0,1,3,2",32.0,-13.0,2.0,-18.0,0.7526167079666715,False
30.0,5.0,"1,3,2,0","0,2,1,3",-13.0,15.0,-43.0,10.0,0.5981791953261115,False
30.0,5.0,"1,3,2,0","0,2,3,1",-60.0,-3.0,-90.0,-8.0,0.7607785593122607,False
30.0,5.0,"1,3,2,0","0,3,1,2",30.0,1.0,0.0,-4.0,0.712030420108898,False
30.0,5.0,"1,3,2,0","0,3,2,1",-10.0,17.0,-40.0,12.0,0.7286617494750366,False
30.0,5.0,"1,3,2,0","1,0,2,3",-60.0,-5.0,-90.0,-10.0,0.5769332572910583,False
30.0,5.0,"1,3,2,0","1,0,3,2",-17.0,13.0,-47.0,8.0,0.5724450189984343,False
30.0,5.0,"1,3,2,0","1,2,0,3",-18.0,-11.0,-48.0,-16.0,0.6371516606346748,False
30.0,5.0,"1,3,2,0","1,2,3,0",40.0,-6.0,10.0,-11.0,0.7786625674346802,False
30.0,5.0,"1,3,2,0","1,3,0,2",-4.0,0.0,-34.0,-5.0,0.7837441723457973,False
30.0,5.0,"1,3,2,0","1,3,2,0",-24.0,4.0,-54.0,-1.0,0.7176419166787349,False
30.0,5.0,"1,3,2,0","2,0,1,3",-12.0,17.0,-42.0,12.0,0.7797496108957648,False
30.0,5.0,"1,3,2,0","2,0,3,1",15.0,11.0,-15.0,6.0,0.5809289916682866,False
30.0,5.0,"1,3,2,0","2,1,0,3",-22.0,8.0,-52.0,3.0,0.7585404246470001,False
30.0,5.0,"1,3,2,0","2,1,3,0",-49.0,16.0,-79.0,11.0,0.746464288070087,False
30.0,5.0,"1,3,2,0","2,3,0,1",-60.0,-5.0,-90.0,-10.0,0.7787122580473764,False
30.0,5.0,"1,3,2,0","2,3,1,0",-51.0,2.0,-81.0,-3.0,0.689252456978756,False
30.0,5.0,"1,3,2,0","3,0,1,2",13.0,13.0,-17.0,8.0,0.7603332413875605,False
30.0,5.0,"1,3,2,0","3,0,2,1",-4.0,1.0,-34.0,-4.0,0.5822091880612905,False
30.0,5.0,"1,3,2,0","3,1,0,2",20.0,-6.0,-10.0,-11.0,0.7357651873638138,False
30.0,5.0,"1,3,2,0","3,1,2,0",-59.0,15.0,-89.0,10.0,0.7705723144282173,False
30.0,5.0,"1,3,2,0","3,2,0,1",50.0,11.0,20.0,6.0,0.6284200611274542,False
30.0,5.0,"1,3,2,0","3,2,1,0",37.0,14.0,7.0,9.0,0.6042555509362824,False
30.0,5.0,"2,0,1,3","0,1,2,3",22.0,-10.0,-8.0,-15.0,0.7738453643803694,False
30.0,5.0,"2,0,1,3","0,1,3,2",-27.0,14.0,-57.0,9.0,0.742135444048893,False
30.0,5.0,"2,0,1,3","0,2,1,3",-15.0,-11.0,-45.0,-16.0,0.6028646438482093,False
30.0,5.0,"2,0,1,3","0,2,3,1",12.0,-17.0,-18.0,-22.0,0.7760043887778861,False
30.0,5.0,"2,0,1,3","0,3,1,2",11.0,-17.0,-19.0,-22.0,0.7098977559182615,False
30.0,5.0,"2,0,1,3","0,3,2,1",22.0,-8.0,-8.0,-13.0,0.7433106614301213,False
30.0,5.0,"2,0,1,3","1,0,2,3",-18.0,-6.0,-48.0,-11.0,0.5660157867703708,False
30.0,5.0,"2,0,1,3","1,0,3,2",-13.0,7.0,-43.0,2.0,0.5674213462546037,False
30.0,5.0,"2,0,1,3","1,2,0,3",4.0,-1.0,-26.0,-6.0,0.6424448590525685,False
30.0,5.0,"2,0,1,3","1,2,3,0",-57.0,19.0,-87.0,14.0,0.7535720942139055,False
30.0,5.0,"2,0,1,3","1,3,0,2",-27.0,16.0,-57.0,11.0,0.7773167525775598,False
30.0,5.0,"2,0,1,3","1,3,2,0",-48.0,7.0,-78.0,2.0,0.72915302186282,False
30.0,5.0,"2,0,1,3","2,0,1,3",60.0,3.0,30.0,-2.0,0.7690760729463821,False
30.0,5.0,"2,0,1,3","2,0,3,1",56.0,5.0,26.0,0.0,0.5739332066688223,False
30.0,5.0,"2,0,1,3","2,1,0,3",-14.0,2.0,-44.0,-3.0,0.7394108069954328,False
30.0,5.0,"2,0,1,3","2,1,3,0",-30.0,-1.0,-60.0,-6.0,0.7546083192889375,False
30.0,5.0,"2,0,1,3","2,3,0,1",-18.0,-6.0,-48.0,-11.0,0.7774803314893602,False
30.0,5.0,"2,0,1,3","2,3,1,0",-32.0,13.0,-62.0,8.0,0.7157007808692286,False
30.0,5.0,"2,0,1,3","3,0,1,2",11.0,19.0,-19.0,14.0,0.7563729351503092,False
30.0,5.0,"2,0,1,3","3,0,2,1",-27.0,16.0,-57.0,11.0,0.5744350393000718,False
30.0,5.0,"2,0,1,3","3,1,0,2",22.0,-8.0,-8.0,-13.0,0.7365753366225087,False
30.0,5.0,"2,0,1,3","3,1,2,0",4.0,1.0,-26.0,-4.0,0.780014026209604,False
30.0,5.0,"2,0,1,3","3,2,0,1",-34.0,17.0,-64.0,12.0,0.6367978319187416,False
30.0,5.0,"2,0,1,3","3,2,1,0",51.0,-2.0,21.0,-7.0,0.5858853273619793,False
30.0,5.0,"2,0,3,1","0,1,2,3",24.0,7.0,-6.0,2.0,0.7460885006671706,False
30.0,5.0,"2,0,3,1","0,1,3,2",31.0,-3.0,1.0,-8.0,0.7254440288694239,False
30.0,5.0,"2,0,3,1","0,2,1,3",-15.0,-11.0,-45.0,-16.0,0.5735528614223182,False
30.0,5.0,"2,0,3,1","0,2,3,1",-40.0,15.0,-70.0,10.0,0.7470618578446899,False
30.0,5.0,"2,0,3,1","0,3,1,2",25.0,19.0,-5.0,14.0,0.6710827103282172,False
30.0,5.0,"2,0,3,1","0,3,2,1",-31.0,-3.0,-61.0,-8.0,0.7101172307844711,False
30.0,5.0,"2,0,3,1","1,0,2,3",-24.0,-7.0,-54.0,-12.0,0.5564511156127626,False
30.0,5.0,"2,0,3,1","1,0,3,2",-48.0,11.0,-78.0,6.0,0.556368334881845,False
30.0,5.0,"2,0,3,1","1,2,0,3",-27.0,-4.0,-57.0,-9.0,0.6078660466599676,False
30.0,5.0,"2,0,3,1","1,2,3,0",40.0,15.0,10.0,10.0,0.7434422823383458,False
30.0,5.0,"2,0,3,1","1,3,0,2",-6.0,0.0,-36.0,-5.0,0.7538023859487307,False
30.0,5.0,"2,0,3,1","1,3,2,0",-16.0,5.0,-46.0,0.0,0.7108218402125837,False
30.0,5.0,"2,0,3,1","2,0,1,3",-26.0,-11.0,-56.0,-16.0,0.7261873831806416,False
30.0,5.0,"2,0,3,1","2,0,3,1",15.0,11.0,-15.0,6.0,0.5551915859417118,False
30.0,5.0,"2,0,3,1","2,1,0,3",31.0,3.0,1.0,-2.0,0.7143733319462001,False
30.0,5.0,"2,0,3,1","2,1,3,0",27.0,-15.0,-3.0,-20.0,0.712943874525284,False
30.0,5.0,"2,0,3,1","2,3,0,1",-24.0,-7.0,-54.0,-12.0,0.7496117812873254,False
30.0,5.0,"2,0,3,1","2,3,1,0",-31.0,3.0,-61.0,-2.0,0.6872989561132765,False
30.0,5.0,"2,0,3,1","3,0,1,2",-40.0,-15.0,-70.0,-20.0,0.7384368848126635,False
30.0,5.0,"2,0,3,1","3,0,2,1",-6.0,0.0,-36.0,-5.0,0.5573641364907634,False
30.0,5.0,"2,0,3,1","3,1,0,2",20.0,-6.0,-10.0,-11.0,0.7210409352213822,False
30.0,5.0,"2,0,3,1","3,1,2,0",6.0,0.0,-24.0,-5.0,0.7445998267087284,False
30.0,5.0,"2,0,3,1","3,2,0,1",24.0,7.0,-6.0,2.0,0.6040848896842091,False
30.0,5.0,"2,0,3,1","3,2,1,0",48.0,-11.0,18.0,-16.0,0.5895366112515983,False
30.0,5.0,"2,1,0,3","0,1,2,3",24.0,7.0,-6.0,2.0,0.7589165427504255,False
30.0,5.0,"2,1,0,3","0,1,3,2",31.0,-3.0,1.0,-8.0,0.7216645083384263,False
30.0,5.0,"2,1,0,3","0,2,1,3",-15.0,-11.0,-45.0,-16.0,0.58905285428342,False
30.0,5.0,"2,1,0,3","0,2,3,1",-40.0,15.0,-70.0,10.0,0.7531293385675819,False
30.0,5.0,"2,1,0,3","0,3,1,2",4.0,2.0,-26.0,-3.0,0.6862692083514633,False
30.0,5.0,"2,1,0,3","0,3,2,1",-31.0,-3.0,-61.0,-8.0,0.7139226304856148,False
30.0,5.0,"2,1,0,3","1,0,2,3",-24.0,-7.0,-54.0,-12.0,0.5475331746379271,False
30.0,5.0,"2,1,0,3","1,0,3,2",-48.0,11.0,-78.0,6.0,0.5606080592753286,False
30.0,5.0,"2,1,0,3","1,2,0,3",6.0,0.0,-24.0,-5.0,0.6128048861378683,False
30.0,5.0,"2,1,0,3","1,2,3,0",40.0,15.0,10.0,10.0,0.7376466022767171,False
30.0,5.0,"2,1,0,3","1,3,0,2",-6.0,0.0,-36.0,-5.0,0.7413372064206315,False
30.0,5.0,"2,1,0,3","1,3,2,0",-16.0,5.0,-46.0,0.0,0.7101203139943627,False
30.0,5.0,"2,1,0,3","2,0,1,3",-26.0,-11.0,-56.0,-16.0,0.7298967964770539,False
30.0,5.0,"2,1,0,3","2,0,3,1",56.0,5.0,26.0,0.0,0.5460248011514788,False
30.0,5.0,"2,1,0,3","2,1,0,3",-14.0,2.0,-44.0,-3.0,0.7253895317224339,False
30.0,5.0,"2,1,0,3","2,1,3,0",-40.0,17.0,-70.0,12.0,0.7274591523900039,False
30.0,5.0,"2,1,0,3","2,3,0,1",-18.0,-6.0,-48.0,-11.0,0.7500884919660685,False
30.0,5.0,"2,1,0,3","2,3,1,0",-31.0,3.0,-61.0,-2.0,0.6909820764894437,False
30.0,5.0,"2,1,0,3","3,0,1,2",-40.0,-15.0,-70.0,-20.0,0.7444343153021039,False
30.0,5.0,"2,1,0,3","3,0,2,1",-6.0,0.0,-36.0,-5.0,0.5481473388878463,False
30.0,5.0,"2,1,0,3","3,1,0,2",20.0,-6.0,-10.0,-11.0,0.7132446190306467,False
30.0,5.0,"2,1,0,3","3,1,2,0",6.0,0.0,-24.0,-5.0,0.7578787661677043,False
30.0,5.0,"2,1,0,3","3,2,0,1",24.0,7.0,-6.0,2.0,0.614471360431082,False
30.0,5.0,"2,1,0,3","3,2,1,0",48.0,-11.0,18.0,-16.0,0.58521986328011,False
30.0,5.0,"2,1,3,0","0,1,2,3",18.0,6.0,-12.0,1.0,0.7921141613678645,False
30.0,5.0,"2,1,3,0","0,1,3,2",32.0,-13.0,2.0,-18.0,0.7551104805001212,False
30.0,5.0,"2,1,3,0","0,2,1,3",-13.0,15.0,-43.0,10.0,0.6011944959663227,False
30.0,5.0,"2,1,3,0","0,2,3,1",-60.0,-3.0,-90.0,-8.0,0.7652248061314662,False
30.0,5.0,"2,1,3,0","0,3,1,2",30.0,1.0,0.0,-4.0,0.7150563492035572,False
30.0,5.0,"2,1,3,0","0,3,2,1",-10.0,17.0,-40.0,12.0,0.7323578701485398,False
30.0,5.0,"2,1,3,0","1,0,2,3",-60.0,-5.0,-90.0,-10.0,0.5789193069111624,False
30.0,5.0,"2,1,3,0","1,0,3,2",-17.0,13.0,-47.0,8.0,0.574560749627771,False
30.0,5.0,"2,1,3,0","1,2,0,3",-18.0,-11.0,-48.0,-16.0,0.6401663170852642,False
30.0,5.0,"2,1,3,0","1,2,3,0",40.0,-6.0,10.0,-11.0,0.7818778972709941,False
30.0,5.0,"2,1,3,0","1,3,0,2",-4.0,0.0,-34.0,-5.0,0.7877155582010382,False
30.0,5.0,"2,1,3,0","1,3,2,0",-24.0,4.0,-54.0,-1.0,0.7186220545461108,False
30.0,5.0,"2,1,3,0","2,0,1,3",-12.0,17.0,-42.0,12.0,0.7831681306815584,False
30.0,5.0,"2,1,3,0","2,0,3,1",15.0,11.0,-15.0,6.0,0.5822692750524334,False
30.0,5.0,"2,1,3,0","2,1,0,3",-22.0,8.0,-52.0,3.0,0.7621505853029741,False
30.0,5.0,"2,1,3,0","2,1,3,0",-49.0,16.0,-79.0,11.0,0.7504916680830833,False
30.0,5.0,"2,1,3,0","2,3,0,1",-60.0,-5.0,-90.0,-10.0,0.7813929167972373,False
30.0,5.0,"2,1,3,0","2,3,1,0",27.0,-14.0,-3.0,-19.0,0.6919702510718386,False
30.0,5.0,"2,1,3,0","3,0,1,2",13.0,13.0,-17.0,8.0,0.7638397642268107,False
30.0,5.0,"2,1,3,0","3,0,2,1",-4.0,1.0,-34.0,-4.0,0.5850521298285125,False
30.0,5.0,"2,1,3,0","3,1,0,2",20.0,-6.0,-10.0,-11.0,0.73637656207639,False
30.0,5.0,"2,1,3,0","3,1,2,0",-59.0,15.0,-89.0,10.0,0.7749751160179406,False
30.0,5.0,"2,1,3,0","3,2,0,1",50.0,11.0,20.0,6.0,0.6309498513864754,False
30.0,5.0,"2,1,3,0","3,2,1,0",37.0,14.0,7.0,9.0,0.6067911706952386,False
30.0,5.0,"2,3,0,1","0,1,2,3",-14.0,-15.0,-44.0,-20.0,0.8326083611991167,False
30.0,5.0,"2,3,0,1","0,1,3,2",32.0,-13.0,2.0,-18.0,0.7845424614617597,False
30.0,5.0,"2,3,0,1","0,2,1,3",-13.0,15.0,-43.0,10.0,0.6337461660947986,False
30.0,5.0,"2,3,0,1","0,2,3,1",-60.0,-3.0,-90.0,-8.0,0.8151492264892753,False
30.0,5.0,"2,3,0,1","0,3,1,2",-41.0,-8.0,-71.0,-13.0,0.7555001325983174,False
30.0,5.0,"2,3,0,1","0,3,2,1",-10.0,17.0,-40.0,12.0,0.773915613699087,False
30.0,5.0,"2,3,0,1","1,0,2,3",-21.0,12.0,-51.0,7.0,0.6078389364275092,False
30.0,5.0,"2,3,0,1","1,0,3,2",-17.0,13.0,-47.0,8.0,0.5935005306233331,False
30.0,5.0,"2,3,0,1","1,2,0,3",54.0,-9.0,24.0,-14.0,0.6779102294416295,False
30.0,5.0,"2,3,0,1","1,2,3,0",40.0,-6.0,10.0,-11.0,0.8238883863148695,False
30.0,5.0,"2,3,0,1","1,3,0,2",-4.0,0.0,-34.0,-5.0,0.8361464644059469,False
30.0,5.0,"2,3,0,1","1,3,2,0",-17.0,11.0,-47.0,6.0,0.7761815485392186,False
30.0,5.0,"2,3,0,1","2,0,1,3",-12.0,17.0,-42.0,12.0,0.8165191024122379,False
30.0,5.0,"2,3,0,1","2,0,3,1",-18.0,11.0,-48.0,6.0,0.5995631395140298,False
30.0,5.0,"2,3,0,1","2,1,0,3",-22.0,8.0,-52.0,3.0,0.7967239943133639,False
30.0,5.0,"2,3,0,1","2,1,3,0",-59.0,-2.0,-89.0,-7.0,0.7892201269968807,False
30.0,5.0,"2,3,0,1","2,3,0,1",-16.0,-13.0,-46.0,-18.0,0.8150953810992619,False
30.0,5.0,"2,3,0,1","2,3,1,0",27.0,-14.0,-3.0,-19.0,0.7253463109864884,False
30.0,5.0,"2,3,0,1","3,0,1,2",13.0,13.0,-17.0,8.0,0.8057082827319091,False
30.0,5.0,"2,3,0,1","3,0,2,1",-4.0,0.0,-34.0,-5.0,0.6180917107580284,False
30.0,5.0,"2,3,0,1","3,1,0,2",48.0,-7.0,18.0,-12.0,0.7766976682326816,False
30.0,5.0,"2,3,0,1","3,1,2,0",-36.0,-8.0,-66.0,-13.0,0.8293352658186363,False
30.0,5.0,"2,3,0,1","3,2,0,1",50.0,11.0,20.0,6.0,0.6650649208669998,False
30.0,5.0,"2,3,0,1","3,2,1,0",37.0,14.0,7.0,9.0,0.6395208209377888,False
30.0,5.0,"2,3,1,0","0,1,2,3",14.0,-20.0,-16.0,-25.0,0.8936828864216064,False
30.0,5.0,"2,3,1,0","0,1,3,2",32.0,-13.0,2.0,-18.0,0.8144840035706546,False
30.0,5.0,"2,3,1,0","0,2,1,3",43.0,16.0,13.0,11.0,0.6976692805061916,False
30.0,5.0,"2,3,1,0","0,2,3,1",-60.0,-3.0,-90.0,-8.0,0.8731087012728351,False
30.0,5.0,"2,3,1,0","0,3,1,2",-41.0,-8.0,-71.0,-13.0,0.807778978638669,False
30.0,5.0,"2,3,1,0","0,3,2,1",6.0,20.0,-24.0,15.0,0.8474786247997538,False
30.0,5.0,"2,3,1,0","1,0,2,3",-21.0,12.0,-51.0,7.0,0.6703585085929564,False
30.0,5.0,"2,3,1,0","1,0,3,2",41.0,-5.0,11.0,-10.0,0.6284453466723996,False
30.0,5.0,"2,3,1,0","1,2,0,3",54.0,-9.0,24.0,-14.0,0.7394210426393392,False
30.0,5.0,"2,3,1,0","1,2,3,0",-1.0,-19.0,-31.0,-24.0,0.8773229713595635,False
30.0,5.0,"2,3,1,0","1,3,0,2",-4.0,0.0,-34.0,-5.0,0.8904286041671269,False
30.0,5.0,"2,3,1,0","1,3,2,0",-17.0,11.0,-47.0,6.0,0.8474883583054489,False
30.0,5.0,"2,3,1,0","2,0,1,3",-12.0,17.0,-42.0,12.0,0.8522448428504413,False
30.0,5.0,"2,3,1,0","2,0,3,1",-36.0,8.0,-66.0,3.0,0.6436843656821756,False
30.0,5.0,"2,3,1,0","2,1,0,3",-17.0,11.0,-47.0,6.0,0.8525458221471399,False
30.0,5.0,"2,3,1,0","2,1,3,0",19.0,-17.0,-11.0,-22.0,0.853435100454813,False
30.0,5.0,"2,3,1,0","2,3,0,1",-16.0,-13.0,-46.0,-18.0,0.9006979351266287,False
30.0,5.0,"2,3,1,0","2,3,1,0",16.0,18.0,-14.0,13.0,0.7897124460903299,False
30.0,5.0,"2,3,1,0","3,0,1,2",9.0,6.0,-21.0,1.0,0.872621875581935,False
30.0,5.0,"2,3,1,0","3,0,2,1",-4.0,0.0,-34.0,-5.0,0.6582178633602772,False
30.0,5.0,"2,3,1,0","3,1,0,2",6.0,20.0,-24.0,15.0,0.8427396938202084,False
30.0,5.0,"2,3,1,0","3,1,2,0",-36.0,-8.0,-66.0,-13.0,0.8955851596993523,False
30.0,5.0,"2,3,1,0","3,2,0,1",14.0,-20.0,-16.0,-25.0,0.7298319467723622,False
30.0,5.0,"2,3,1,0","3,2,1,0",21.0,-6.0,-9.0,-11.0,0.6919673105889561,False
30.0,5.0,"3,0,1,2","0,1,2,3",18.0,6.0,-12.0,1.0,0.761581455969438,False
30.0,5.0,"3,0,1,2","0,1,3,2",31.0,-3.0,1.0,-8.0,0.7292056016516864,False
30.0,5.0,"3,0,1,2","0,2,1,3",-13.0,15.0,-43.0,10.0,0.5670922525841288,False
30.0,5.0,"3,0,1,2","0,2,3,1",-40.0,15.0,-70.0,10.0,0.7416259261889636,False
30.0,5.0,"3,0,1,2","0,3,1,2",40.0,-17.0,10.0,-22.0,0.6853621959720663,False
30.0,5.0,"3,0,1,2","0,3,2,1",-31.0,-3.0,-61.0,-8.0,0.7065395863033436,False
30.0,5.0,"3,0,1,2","1,0,2,3",-60.0,-5.0,-90.0,-10.0,0.5639255699758817,False
30.0,5.0,"3,0,1,2","1,0,3,2",-17.0,13.0,-47.0,8.0,0.554605426411877,False
30.0,5.0,"3,0,1,2","1,2,0,3",-27.0,-4.0,-57.0,-9.0,0.6157422503766994,False
30.0,5.0,"3,0,1,2","1,2,3,0",40.0,15.0,10.0,10.0,0.7490882910797512,False
30.0,5.0,"3,0,1,2","1,3,0,2",-6.0,0.0,-36.0,-5.0,0.764483808490224,False
30.0,5.0,"3,0,1,2","1,3,2,0",-24.0,4.0,-54.0,-1.0,0.7117697834502968,False
30.0,5.0,"3,0,1,2","2,0,1,3",-12.0,17.0,-42.0,12.0,0.7481745237866114,False
30.0,5.0,"3,0,1,2","2,0,3,1",15.0,11.0,-15.0,6.0,0.5676197537335332,False
30.0,5.0,"3,0,1,2","2,1,0,3",-22.0,8.0,-52.0,3.0,0.7256031799812234,False
30.0,5.0,"3,0,1,2","2,1,3,0",27.0,-15.0,-3.0,-20.0,0.7129297270512147,False
30.0,5.0,"3,0,1,2","2,3,0,1",-60.0,-5.0,-90.0,-10.0,0.761155208885719,False
30.0,5.0,"3,0,1,2","2,3,1,0",-31.0,3.0,-61.0,-2.0,0.6838362724737073,False
30.0,5.0,"3,0,1,2","3,0,1,2",-40.0,-15.0,-70.0,-20.0,0.7330637120348807,False
30.0,5.0,"3,0,1,2","3,0,2,1",-6.0,0.0,-36.0,-5.0,0.5652620179014676,False
30.0,5.0,"3,0,1,2","3,1,0,2",20.0,-6.0,-10.0,-11.0,0.7280616528206417,False
30.0,5.0,"3,0,1,2","3,1,2,0",6.0,1.0,-24.0,-4.0,0.7410036477339285,False
30.0,5.0,"3,0,1,2","3,2,0,1",24.0,7.0,-6.0,2.0,0.5967978790588391,False
30.0,5.0,"3,0,1,2","3,2,1,0",48.0,-11.0,18.0,-16.0,0.5938886501626709,False
30.0,5.0,"3,0,2,1","0,1,2,3",18.0,6.0,-12.0,1.0,0.792114161362665,False
30.0,5.0,"3,0,2,1","0,1,3,2",32.0,-13.0,2.0,-18.0,0.7551104804933138,False
30.0,5.0,"3,0,2,1","0,2,1,3",-13.0,15.0,-43.0,10.0,0.6011944959646075,False
30.0,5.0,"3,0,2,1","0,2,3,1",-60.0,-3.0,-90.0,-8.0,0.7652248061334841,False
30.0,5.0,"3,0,2,1","0,3,1,2",30.0,1.0,0.0,-4.0,0.7150563491963283,False
30.0,5.0,"3,0,2,1","0,3,2,1",-10.0,17.0,-40.0,12.0,0.7323578701458074,False
30.0,5.0,"3,0,2,1","1,0,2,3",-60.0,-5.0,-90.0,-10.0,0.5789193069152799,False
30.0,5.0,"3,0,2,1","1,0,3,2",-17.0,13.0,-47.0,8.0,0.5745607496277773,False
30.0,5.0,"3,0,2,1","1,2,0,3",-18.0,-11.0,-48.0,-16.0,0.6401663170845853,False
30.0,5.0,"3,0,2,1","1,2,3,0",40.0,-6.0,10.0,-11.0,0.7818778972617091,False
30.0,5.0,"3,0,2,1","1,3,0,2",-4.0,0.0,-34.0,-5.0,0.7877155581969043,False
30.0,5.0,"3,0,2,1","1,3,2,0",-24.0,4.0,-54.0,-1.0,0.7186220545487687,False
30.0,5.0,"3,0,2,1","2,0,1,3",-12.0,17.0,-42.0,12.0,0.7831681306800279,False
30.0,5.0,"3,0,2,1","2,0,3,1",15.0,11.0,-15.0,6.0,0.5822692750495182,False
30.0,5.0,"3,0,2,1","2,1,0,3",-22.0,8.0,-52.0,3.0,0.7621505853028173,False
30.0,5.0,"3,0,2,1","2,1,3,0",-49.0,16.0,-79.0,11.0,0.750491668085558,False
30.0,5.0,"3,0,2,1","2,3,0,1",-60.0,-5.0,-90.0,-10.0,0.7813929168027304,False
30.0,5.0,"3,0,2,1","2,3,1,0",27.0,-14.0,-3.0,-19.0,0.6919702510653792,False
30.0,5.0,"3,0,2,1","3,0,1,2",13.0,13.0,-17.0,8.0,0.7638397642209902,False
30.0,5.0,"3,0,2,1","3,0,2,1",-4.0,1.0,-34.0,-4.0,0.5850521298259493,False
30.0,5.0,"3,0,2,1","3,1,0,2",20.0,-6.0,-10.0,-11.0,0.7363765620729146,False
30.0,5.0,"3,0,2,1","3,1,2,0",-59.0,15.0,-89.0,10.0,0.7749751160199011,False
30.0,5.0,"3,0,2,1","3,2,0,1",50.0,11.0,20.0,6.0,0.6309498513781631,False
30.0,5.0,"3,0,2,1","3,2,1,0",37.0,14.0,7.0,9.0,0.6067911706883613,False
30.0,5.0,"3,1,0,2","0,1,2,3",18.0,6.0,-12.0,1.0,0.7893929972065966,False
30.0,5.0,"3,1,0,2","0,1,3,2",32.0,-13.0,2.0,-18.0,0.7526167079566068,False
30.0,5.0,"3,1,0,2","0,2,1,3",-13.0,15.0,-43.0,10.0,0.5981791953275345,False
30.0,5.0,"3,1,0,2","0,2,3,1",-60.0,-3.0,-90.0,-8.0,0.7607785593246664,False
30.0,5.0,"3,1,0,2","0,3,1,2",30.0,1.0,0.0,-4.0,0.7120304200993698,False
30.0,5.0,"3,1,0,2","0,3,2,1",-10.0,17.0,-40.0,12.0,0.728661749475766,False
30.0,5.0,"3,1,0,2","1,0,2,3",-60.0,-5.0,-90.0,-10.0,0.5769332573018062,False
30.0,5.0,"3,1,0,2","1,0,3,2",-17.0,13.0,-47.0,8.0,0.5724450190012267,False
30.0,5.0,"3,1,0,2","1,2,0,3",-18.0,-11.0,-48.0,-16.0,0.637151660637786,False
30.0,5.0,"3,1,0,2","1,2,3,0",40.0,-6.0,10.0,-11.0,0.7786625674214178,False
30.0,5.0,"3,1,0,2","1,3,0,2",-4.0,0.0,-34.0,-5.0,0.7837441723446669,False
30.0,5.0,"3,1,0,2","1,3,2,0",-24.0,4.0,-54.0,-1.0,0.7176419166852211,False
30.0,5.0,"3,1,0,2","2,0,1,3",-12.0,17.0,-42.0,12.0,0.77974961089761,False
30.0,5.0,"3,1,0,2","2,0,3,1",15.0,11.0,-15.0,6.0,0.5809289916641651,False
30.0,5.0,"3,1,0,2","2,1,0,3",-22.0,8.0,-52.0,3.0,0.7585404246519948,False
30.0,5.0,"3,1,0,2","2,1,3,0",-49.0,16.0,-79.0,11.0,0.7464642880812112,False
30.0,5.0,"3,1,0,2","2,3,0,1",-60.0,-5.0,-90.0,-10.0,0.7787122580617145,False
30.0,5.0,"3,1,0,2","2,3,1,0",-51.0,2.0,-81.0,-3.0,0.6892524569896907,False
30.0,5.0,"3,1,0,2","3,0,1,2",13.0,13.0,-17.0,8.0,0.7603332413817229,False
30.0,5.0,"3,1,0,2","3,0,2,1",-4.0,1.0,-34.0,-4.0,0.5822091880607295,False
30.0,5.0,"3,1,0,2","3,1,0,2",20.0,-6.0,-10.0,-11.0,0.7357651873576305,False
30.0,5.0,"3,1,0,2","3,1,2,0",-59.0,15.0,-89.0,10.0,0.7705723144411659,False
30.0,5.0,"3,1,0,2","3,2,0,1",50.0,11.0,20.0,6.0,0.6284200611150853,False
30.0,5.0,"3,1,0,2","3,2,1,0",37.0,14.0,7.0,9.0,0.604255550926657,False
30.0,5.0,"3,1,2,0","0,1,2,3",14.0,-20.0,-16.0,-25.0,0.8935668749857953,False
30.0,5.0,"3,1,2,0","0,1,3,2",32.0,-13.0,2.0,-18.0,0.8127093847298232,False
30.0,5.0,"3,1,2,0","0,2,1,3",43.0,16.0,13.0,11.0,0.6975663746171036,False
30.0,5.0,"3,1,2,0","0,2,3,1",-60.0,-3.0,-90.0,-8.0,0.8731011730036573,False
30.0,5.0,"3,1,2,0","0,3,1,2",-41.0,-8.0,-71.0,-13.0,0.8075514132458592,False
30.0,5.0,"3,1,2,0","0,3,2,1",6.0,20.0,-24.0,15.0,0.8476597587530216,False
30.0,5.0,"3,1,2,0","1,0,2,3",-21.0,12.0,-51.0,7.0,0.6707248629703959,False
30.0,5.0,"3,1,2,0","1,0,3,2",41.0,-5.0,11.0,-10.0,0.6280328790412616,False
30.0,5.0,"3,1,2,0","1,2,0,3",54.0,-9.0,24.0,-14.0,0.7387599101404643,False
30.0,5.0,"3,1,2,0","1,2,3,0",-1.0,-19.0,-31.0,-24.0,0.8770193212989826,False
30.0,5.0,"3,1,2,0","1,3,0,2",-4.0,0.0,-34.0,-5.0,0.8895516920375095,False
30.0,5.0,"3,1,2,0","1,3,2,0",-17.0,11.0,-47.0,6.0,0.8476353746498166,False
30.0,5.0,"3,1,2,0","2,0,1,3",-12.0,17.0,-42.0,12.0,0.8510372021718745,False
30.0,5.0,"3,1,2,0","2,0,3,1",-36.0,8.0,-66.0,3.0,0.6437102368190644,False
30.0,5.0,"3,1,2,0","2,1,0,3",-17.0,11.0,-47.0,6.0,0.852693715824909,False
30.0,5.0,"3,1,2,0","2,1,3,0",19.0,-17.0,-11.0,-22.0,0.8533613026150786,False
30.0,5.0,"3,1,2,0","2,3,0,1",-16.0,-13.0,-46.0,-18.0,0.9011652614844776,False
30.0,5.0,"3,1,2,0","2,3,1,0",16.0,18.0,-14.0,13.0,0.7898701481869904,False
30.0,5.0,"3,1,2,0","3,0,1,2",9.0,6.0,-21.0,1.0,0.8729014053326589,False
30.0,5.0,"3,1,2,0","3,0,2,1",-4.0,0.0,-34.0,-5.0,0.6575696370728348,False
30.0,5.0,"3,1,2,0","3,1,0,2",6.0,20.0,-24.0,15.0,0.8429198149086334,False
30.0,5.0,"3,1,2,0","3,1,2,0",-36.0,-8.0,-66.0,-13.0,0.8956211553011294,False
30.0,5.0,"3,1,2,0","3,2,0,1",14.0,-20.0,-16.0,-25.0,0.729737205278113,False
30.0,5.0,"3,1,2,0","3,2,1,0",21.0,-6.0,-9.0,-11.0,0.6920580175555165,False
30.0,5.0,"3,2,0,1","0,1,2,3",14.0,-20.0,-16.0,-25.0,0.8936828864154172,False
30.0,5.0,"3,2,0,1","0,1,3,2",32.0,-13.0,2.0,-18.0,0.8144840035647433,False
30.0,5.0,"3,2,0,1","0,2,1,3",43.0,16.0,13.0,11.0,0.6976692804974772,False
30.0,5.0,"3,2,0,1","0,2,3,1",-60.0,-3.0,-90.0,-8.0,0.8731087012780951,False
30.0,5.0,"3,2,0,1","0,3,1,2",-41.0,-8.0,-71.0,-13.0,0.8077789786414846,False
30.0,5.0,"3,2,0,1","0,3,2,1",6.0,20.0,-24.0,15.0,0.8474786247948202,False
30.0,5.0,"3,2,0,1","1,0,2,3",-21.0,12.0,-51.0,7.0,0.6703585085924313,False
30.0,5.0,"3,2,0,1","1,0,3,2",41.0,-5.0,11.0,-10.0,0.6284453466653457,False
30.0,5.0,"3,2,0,1","1,2,0,3",54.0,-9.0,24.0,-14.0,0.7394210426300531,False
30.0,5.0,"3,2,0,1","1,2,3,0",-1.0,-19.0,-31.0,-24.0,0.8773229713564397,False
30.0,5.0,"3,2,0,1","1,3,0,2",-4.0,0.0,-34.0,-5.0,0.8904286041651408,False
30.0,5.0,"3,2,0,1","1,3,2,0",-17.0,11.0,-47.0,6.0,0.8474883583046118,False
30.0,5.0,"3,2,0,1","2,0,1,3",-12.0,17.0,-42.0,12.0,0.8522448428504941,False
30.0,5.0,"3,2,0,1","2,0,3,1",-36.0,8.0,-66.0,3.0,0.6436843656840349,False
30.0,5.0,"3,2,0,1","2,1,0,3",-17.0,11.0,-47.0,6.0,0.8525458221462839,False
30.0,5.0,"3,2,0,1","2,1,3,0",19.0,-17.0,-11.0,-22.0,0.8534351004479324,False
30.0,5.0,"3,2,0,1","2,3,0,1",-16.0,-13.0,-46.0,-18.0,0.9006979351250292,False
30.0,5.0,"3,2,0,1","2,3,1,0",16.0,18.0,-14.0,13.0,0.7897124460840239,False
30.0,5.0,"3,2,0,1","3,0,1,2",9.0,6.0,-21.0,1.0,0.872621875575612,False
30.0,5.0,"3,2,0,1","3,0,2,1",-4.0,0.0,-34.0,-5.0,0.6582178633588242,False
30.0,5.0,"3,2,0,1","3,1,0,2",6.0,20.0,-24.0,15.0,0.8427396938152947,False
30.0,5.0,"3,2,0,1","3,1,2,0",-36.0,-8.0,-66.0,-13.0,0.8955851597019968,False
30.0,5.0,"3,2,0,1","3,2,0,1",14.0,-20.0,-16.0,-25.0,0.7298319467672925,False
30.0,5.0,"3,2,0,1","3,2,1,0",21.0,-6.0,-9.0,-11.0,0.6919673105826786,False
30.0,5.0,"3,2,1,0","0,1,2,3",14.0,-20.0,-16.0,-25.0,0.9771721622021674,False
30.0,5.0,"3,2,1,0","0,1,3,2",17.0,-6.0,-13.0,-11.0,0.9129728323145595,False
30.0,5.0,"3,2,1,0","0,2,1,3",43.0,16.0,13.0,11.0,0.7783976814641883,False
30.0,5.0,"3,2,1,0","0,2,3,1",19.0,-9.0,-11.0,-14.0,0.9345381137948151,False
30.0,5.0,"3,2,1,0","0,3,1,2",-41.0,-8.0,-71.0,-13.0,0.861741867915981,False
30.0,5.0,"3,2,1,0","0,3,2,1",6.0,20.0,-24.0,15.0,0.9336490326055711,False
30.0,5.0,"3,2,1,0","1,0,2,3",-21.0,12.0,-51.0,7.0,0.7359246785038155,False
30.0,5.0,"3,2,1,0","1,0,3,2",-1.0,-18.0,-31.0,-23.0,0.7091152357667495,False
30.0,5.0,"3,2,1,0","1,2,0,3",26.0,0.0,-4.0,-5.0,0.8128595031543474,False
30.0,5.0,"3,2,1,0","1,2,3,0",-1.0,-19.0,-31.0,-24.0,0.9480807387446168,False
30.0,5.0,"3,2,1,0","1,3,0,2",43.0,-16.0,13.0,-21.0,0.9767389924858633,False
30.0,5.0,"3,2,1,0","1,3,2,0",-17.0,11.0,-47.0,6.0,0.9218933269033226,False
30.0,5.0,"3,2,1,0","2,0,1,3",56.0,-17.0,26.0,-22.0,0.9273968000016528,False
30.0,5.0,"3,2,1,0","2,0,3,1",-15.0,13.0,-45.0,8.0,0.7089626591176401,False
30.0,5.0,"3,2,1,0","2,1,0,3",-11.0,-12.0,-41.0,-17.0,0.9541784718838874,False
30.0,5.0,"3,2,1,0","2,1,3,0",-59.0,20.0,-89.0,15.0,0.9471311201552074,False
30.0,5.0,"3,2,1,0","2,3,0,1",-16.0,-13.0,-46.0,-18.0,0.9905596897355533,False
30.0,5.0,"3,2,1,0","2,3,1,0",16.0,18.0,-14.0,13.0,0.8768197133026633,False
30.0,5.0,"3,2,1,0","3,0,1,2",9.0,6.0,-21.0,1.0,0.9779173109143978,False
30.0,5.0,"3,2,1,0","3,0,2,1",-50.0,15.0,-80.0,10.0,0.7143086728587392,False
30.0,5.0,"3,2,1,0","3,1,0,2",6.0,20.0,-24.0,15.0,0.9284282539391056,False
30.0,5.0,"3,2,1,0","3,1,2,0",-46.0,15.0,-76.0,10.0,0.9977608233047104,False
30.0,5.0,"3,2,1,0","3,2,0,1",14.0,-20.0,-16.0,-25.0,0.7980140073257602,False
30.0,5.0,"3,2,1,0","3,2,1,0",21.0,-6.0,-9.0,-11.0,0.7701495391666127,False
