case_id,source_h5,sea_state,model,frame,time_s,facet_count,dominant_azimuth_deg,dominant_elevation_deg,estimated_azimuth_deg,estimated_elevation_deg,azimuth_error_to_dominant_deg,elevation_error_to_dominant_deg,score,peak_to_second_db,angle_jump_deg
ss0_flat,D:\hp-laptop\USV\awr2944_sea_clutter_v02\simulation\stages\v02_dynamic_sea_truth\results\matlab\v02b_forward_seed101_hs1m\data\ss0_flat_seed101.h5,0,pcb_centroid_candidate,0,0.0,32,-60.94539590092286,-2.780344598212757,20.0,0.0,80.94539590092286,2.780344598212757,0.3402338183835789,0.1764759116225772,0.0
ss0_flat,D:\hp-laptop\USV\awr2944_sea_clutter_v02\simulation\stages\v02_dynamic_sea_truth\results\matlab\v02b_forward_seed101_hs1m\data\ss0_flat_seed101.h5,0,pcb_centroid_candidate,1,0.5,32,71.56505117707799,-8.984876931685683,54.0,3.0,-17.56505117707799,11.984876931685683,0.6050153490442223,0.0889431683603879,34.132096331752024
ss0_flat,D:\hp-laptop\USV\awr2944_sea_clutter_v02\simulation\stages\v02_dynamic_sea_truth\results\matlab\v02b_forward_seed101_hs1m\data\ss0_flat_seed101.h5,0,pcb_centroid_candidate,2,1.0,32,30.96375653207352,-4.901083564402995,-35.0,-5.0,-65.96375653207352,-0.09891643559700469,0.3421255873772584,0.11426745170821728,89.35882720806042
ss0_flat,D:\hp-laptop\USV\awr2944_sea_clutter_v02\simulation\stages\v02_dynamic_sea_truth\results\matlab\v02b_forward_seed101_hs1m\data\ss0_flat_seed101.h5,0,pcb_centroid_candidate,3,1.5,32,-78.69006752597979,-5.600409184816617,-57.0,9.0,21.690067525979785,14.600409184816616,0.3811392806066797,0.029325140973825024,26.076809620810597
ss0_flat,D:\hp-laptop\USV\awr2944_sea_clutter_v02\simulation\stages\v02_dynamic_sea_truth\results\matlab\v02b_forward_seed101_hs1m\data\ss0_flat_seed101.h5,0,pcb_centroid_candidate,4,2.0,32,-45.0,-4.044691235386268,-49.0,18.0,-4.0,22.044691235386267,0.2602345440824526,0.0975804310608121,12.041594578792296
ss0_flat,D:\hp-laptop\USV\awr2944_sea_clutter_v02\simulation\stages\v02_dynamic_sea_truth\results\matlab\v02b_forward_seed101_hs1m\data\ss0_flat_seed101.h5,0,pcb_centroid_candidate,5,2.5,32,30.96375653207352,-4.901083564402995,-44.0,-16.0,-74.96375653207352,-11.098916435597005,0.26867946108049906,0.04185852766336891,34.36568055487916
ss0_flat,D:\hp-laptop\USV\awr2944_sea_clutter_v02\simulation\stages\v02_dynamic_sea_truth\results\matlab\v02b_forward_seed101_hs1m\data\ss0_flat_seed101.h5,0,pcb_centroid_candidate,6,3.0,32,-45.0,-19.47122063449069,8.0,5.0,53.0,24.47122063449069,0.740795790356913,0.17065428879996183,56.08029957123981
ss0_flat,D:\hp-laptop\USV\awr2944_sea_clutter_v02\simulation\stages\v02_dynamic_sea_truth\results\matlab\v02b_forward_seed101_hs1m\data\ss0_flat_seed101.h5,0,pcb_centroid_candidate,7,3.5,32,-45.0,-19.47122063449069,8.0,5.0,53.0,24.47122063449069,0.6736825426256665,0.18784631417675351,0.0
ss0_flat,D:\hp-laptop\USV\awr2944_sea_clutter_v02\simulation\stages\v02_dynamic_sea_truth\results\matlab\v02b_forward_seed101_hs1m\data\ss0_flat_seed101.h5,0,pcb_centroid_candidate,8,4.0,32,54.46232220802562,-3.3265068418031922,-19.0,-10.0,-73.46232220802563,-6.673493158196807,0.35419907545293616,0.12794456934193127,30.886890422961002
ss0_flat,D:\hp-laptop\USV\awr2944_sea_clutter_v02\simulation\stages\v02_dynamic_sea_truth\results\matlab\v02b_forward_seed101_hs1m\data\ss0_flat_seed101.h5,0,pcb_centroid_candidate,9,4.5,32,54.46232220802562,-3.3265068418031922,-48.0,19.0,-102.46232220802563,22.32650684180319,0.26565608119497547,0.2070543334039398,41.012193308819754
ss0_flat,D:\hp-laptop\USV\awr2944_sea_clutter_v02\simulation\stages\v02_dynamic_sea_truth\results\matlab\v02b_forward_seed101_hs1m\data\ss0_flat_seed101.h5,0,pcb_centroid_candidate,10,5.0,32,-11.309932474020213,-5.600409184816617,-20.0,-5.0,-8.690067525979787,0.6004091848166171,0.32106729022713204,0.009102987844834745,36.87817782917155
ss0_flat,D:\hp-laptop\USV\awr2944_sea_clutter_v02\simulation\stages\v02_dynamic_sea_truth\results\matlab\v02b_forward_seed101_hs1m\data\ss0_flat_seed101.h5,0,pcb_centroid_candidate,11,5.5,32,-45.0,-19.47122063449069,8.0,5.0,53.0,24.47122063449069,0.8284177517558844,0.17593888260661134,29.732137494637012
ss0_flat,D:\hp-laptop\USV\awr2944_sea_clutter_v02\simulation\stages\v02_dynamic_sea_truth\results\matlab\v02b_forward_seed101_hs1m\data\ss0_flat_seed101.h5,0,pcb_centroid_candidate,12,6.0,32,-11.309932474020213,-5.600409184816617,33.0,-1.0,44.309932474020215,4.600409184816617,0.516895699148635,0.06025352585692611,25.709920264364882
ss0_flat,D:\hp-laptop\USV\awr2944_sea_clutter_v02\simulation\stages\v02_dynamic_sea_truth\results\matlab\v02b_forward_seed101_hs1m\data\ss0_flat_seed101.h5,0,pcb_centroid_candidate,13,6.5,32,-78.69006752597979,-5.600409184816617,23.0,-10.0,101.69006752597979,-4.399590815183383,0.3999562381611058,0.0280262832306977,13.45362404707371
ss0_flat,D:\hp-laptop\USV\awr2944_sea_clutter_v02\simulation\stages\v02_dynamic_sea_truth\results\matlab\v02b_forward_seed101_hs1m\data\ss0_flat_seed101.h5,0,pcb_centroid_candidate,14,7.0,32,71.56505117707799,-8.984876931685683,48.0,5.0,-23.56505117707799,13.984876931685683,0.48464242006100133,0.01181731347179138,29.154759474226502
ss0_flat,D:\hp-laptop\USV\awr2944_sea_clutter_v02\simulation\stages\v02_dynamic_sea_truth\results\matlab\v02b_forward_seed101_hs1m\data\ss0_flat_seed101.h5,0,pcb_centroid_candidate,15,7.5,32,-83.6598082540901,-3.160420981763729,34.0,10.0,117.6598082540901,13.160420981763728,0.32547438064057055,0.09063816375651594,14.866068747318506
ss0_flat,D:\hp-laptop\USV\awr2944_sea_clutter_v02\simulation\stages\v02_dynamic_sea_truth\results\matlab\v02b_forward_seed101_hs1m\data\ss0_flat_seed101.h5,0,pcb_centroid_candidate,16,8.0,32,-83.6598082540901,-3.160420981763729,-36.0,17.0,47.659808254090095,20.16042098176373,0.3423405128793555,0.02683702903752034,70.34912934784623
ss0_flat,D:\hp-laptop\USV\awr2944_sea_clutter_v02\simulation\stages\v02_dynamic_sea_truth\results\matlab\v02b_forward_seed101_hs1m\data\ss0_flat_seed101.h5,0,pcb_centroid_candidate,17,8.5,32,71.56505117707799,-8.984876931685683,2.0,-17.0,-69.56505117707799,-8.015123068314317,0.5842417263564665,0.04557320598577278,50.99019513592785
ss0_flat,D:\hp-laptop\USV\awr2944_sea_clutter_v02\simulation\stages\v02_dynamic_sea_truth\results\matlab\v02b_forward_seed101_hs1m\data\ss0_flat_seed101.h5,0,pcb_centroid_candidate,18,9.0,32,18.43494882292201,-3.0169613098159926,27.0,4.0,8.56505117707799,7.016961309815993,0.21509882053891902,0.028033886510909694,32.64965543462902
ss0_flat,D:\hp-laptop\USV\awr2944_sea_clutter_v02\simulation\stages\v02_dynamic_sea_truth\results\matlab\v02b_forward_seed101_hs1m\data\ss0_flat_seed101.h5,0,pcb_centroid_candidate,19,9.5,32,71.56505117707799,-8.984876931685683,6.0,-15.0,-65.56505117707799,-6.015123068314317,0.40712123557140895,0.010991259049245208,28.319604517012593
ss0_flat,D:\hp-laptop\USV\awr2944_sea_clutter_v02\simulation\stages\v02_dynamic_sea_truth\results\matlab\v02b_forward_seed101_hs1m\data\ss0_flat_seed101.h5,0,pcb_centroid_candidate,20,10.0,32,-45.0,-4.044691235386268,6.0,-6.0,51.0,-1.955308764613732,0.2340255530832372,0.13947097162333422,9.0
ss0_flat,D:\hp-laptop\USV\awr2944_sea_clutter_v02\simulation\stages\v02_dynamic_sea_truth\results\matlab\v02b_forward_seed101_hs1m\data\ss0_flat_seed101.h5,0,pcb_centroid_candidate,21,10.5,32,71.56505117707799,-8.984876931685683,-58.0,7.0,-129.56505117707798,15.984876931685683,0.5106179426114632,0.17235392393562185,65.30696746902278
ss0_flat,D:\hp-laptop\USV\awr2944_sea_clutter_v02\simulation\stages\v02_dynamic_sea_truth\results\matlab\v02b_forward_seed101_hs1m\data\ss0_flat_seed101.h5,0,pcb_centroid_candidate,22,11.0,32,-83.6598082540901,-3.160420981763729,-31.0,1.0,52.659808254090095,4.160420981763729,0.3016484674995129,0.0017498573159396573,27.65863337187866
ss0_flat,D:\hp-laptop\USV\awr2944_sea_clutter_v02\simulation\stages\v02_dynamic_sea_truth\results\matlab\v02b_forward_seed101_hs1m\data\ss0_flat_seed101.h5,0,pcb_centroid_candidate,23,11.5,32,-45.0,-19.47122063449069,8.0,5.0,53.0,24.47122063449069,0.7381134713355323,0.12361869225999522,39.20459156782532
ss0_flat,D:\hp-laptop\USV\awr2944_sea_clutter_v02\simulation\stages\v02_dynamic_sea_truth\results\matlab\v02b_forward_seed101_hs1m\data\ss0_flat_seed101.h5,0,pcb_centroid_candidate,24,12.0,32,-11.309932474020213,-5.600409184816617,52.0,18.0,63.309932474020215,23.600409184816616,0.40074074118203606,0.05413504430212812,45.880278987817846
ss0_flat,D:\hp-laptop\USV\awr2944_sea_clutter_v02\simulation\stages\v02_dynamic_sea_truth\results\matlab\v02b_forward_seed101_hs1m\data\ss0_flat_seed101.h5,0,pcb_centroid_candidate,25,12.5,32,-78.69006752597979,-5.600409184816617,-57.0,9.0,21.690067525979785,14.600409184816616,0.3726740556279367,0.01503927278181881,109.37092849564732
ss0_flat,D:\hp-laptop\USV\awr2944_sea_clutter_v02\simulation\stages\v02_dynamic_sea_truth\results\matlab\v02b_forward_seed101_hs1m\data\ss0_flat_seed101.h5,0,pcb_centroid_candidate,26,13.0,32,-45.0,-19.47122063449069,8.0,5.0,53.0,24.47122063449069,0.5525548835552125,0.05748390933487674,65.12296062065974
ss0_flat,D:\hp-laptop\USV\awr2944_sea_clutter_v02\simulation\stages\v02_dynamic_sea_truth\results\matlab\v02b_forward_seed101_hs1m\data\ss0_flat_seed101.h5,0,pcb_centroid_candidate,27,13.5,32,-6.34019174590991,-3.160420981763729,-19.0,0.0,-12.659808254090091,3.160420981763729,0.24499000965810738,0.004193317646070935,27.459060435491963
ss0_flat,D:\hp-laptop\USV\awr2944_sea_clutter_v02\simulation\stages\v02_dynamic_sea_truth\results\matlab\v02b_forward_seed101_hs1m\data\ss0_flat_seed101.h5,0,pcb_centroid_candidate,28,14.0,32,-78.69006752597979,-5.600409184816617,22.0,12.0,100.69006752597979,17.600409184816616,0.5113962251632826,0.07766289703341688,42.720018726587654
ss0_flat,D:\hp-laptop\USV\awr2944_sea_clutter_v02\simulation\stages\v02_dynamic_sea_truth\results\matlab\v02b_forward_seed101_hs1m\data\ss0_flat_seed101.h5,0,pcb_centroid_candidate,29,14.5,32,-45.0,-19.47122063449069,-19.0,8.0,26.0,27.47122063449069,0.6851713511240886,0.018335211488148203,41.19465984809196
ss0_flat,D:\hp-laptop\USV\awr2944_sea_clutter_v02\simulation\stages\v02_dynamic_sea_truth\results\matlab\v02b_forward_seed101_hs1m\data\ss0_flat_seed101.h5,0,pcb_centroid_candidate,30,15.0,32,71.56505117707799,-8.984876931685683,30.0,19.0,-41.56505117707799,27.984876931685683,0.3929973777288247,0.002604705767520563,50.21951811795888
ss0_flat,D:\hp-laptop\USV\awr2944_sea_clutter_v02\simulation\stages\v02_dynamic_sea_truth\results\matlab\v02b_forward_seed101_hs1m\data\ss0_flat_seed101.h5,0,pcb_centroid_candidate,31,15.5,32,-29.054604099077146,-2.780344598212757,34.0,11.0,63.054604099077146,13.780344598212757,0.4250889643950657,0.03479600708156959,8.94427190999916
ss0_flat,D:\hp-laptop\USV\awr2944_sea_clutter_v02\simulation\stages\v02_dynamic_sea_truth\results\matlab\v02b_forward_seed101_hs1m\data\ss0_flat_seed101.h5,0,pcb_centroid_candidate,32,16.0,32,71.56505117707799,-8.984876931685683,54.0,3.0,-17.56505117707799,11.984876931685683,0.43404958221472373,0.058539795087415795,21.540659228538015
ss0_flat,D:\hp-laptop\USV\awr2944_sea_clutter_v02\simulation\stages\v02_dynamic_sea_truth\results\matlab\v02b_forward_seed101_hs1m\data\ss0_flat_seed101.h5,0,pcb_centroid_candidate,33,16.5,32,71.56505117707799,-8.984876931685683,-29.0,9.0,-100.56505117707799,17.984876931685683,0.537760896888246,0.12982513680758637,83.21658488546619
ss0_flat,D:\hp-laptop\USV\awr2944_sea_clutter_v02\simulation\stages\v02_dynamic_sea_truth\results\matlab\v02b_forward_seed101_hs1m\data\ss0_flat_seed101.h5,0,pcb_centroid_candidate,34,17.0,32,-11.309932474020213,-5.600409184816617,-8.0,-19.0,3.309932474020213,-13.399590815183384,0.37460267798304103,0.12155947718288694,35.0
ss0_flat,D:\hp-laptop\USV\awr2944_sea_clutter_v02\simulation\stages\v02_dynamic_sea_truth\results\matlab\v02b_forward_seed101_hs1m\data\ss0_flat_seed101.h5,0,pcb_centroid_candidate,35,17.5,32,30.96375653207352,-4.901083564402995,19.0,-14.0,-11.963756532073521,-9.098916435597005,0.3084041825980439,0.07438805858188338,27.459060435491963
ss0_flat,D:\hp-laptop\USV\awr2944_sea_clutter_v02\simulation\stages\v02_dynamic_sea_truth\results\matlab\v02b_forward_seed101_hs1m\data\ss0_flat_seed101.h5,0,pcb_centroid_candidate,36,18.0,32,-78.69006752597979,-5.600409184816617,38.0,-18.0,116.69006752597979,-12.399590815183384,0.28503274018056984,0.006674964394571142,19.4164878389476
ss0_flat,D:\hp-laptop\USV\awr2944_sea_clutter_v02\simulation\stages\v02_dynamic_sea_truth\results\matlab\v02b_forward_seed101_hs1m\data\ss0_flat_seed101.h5,0,pcb_centroid_candidate,37,18.5,32,71.56505117707799,-8.984876931685683,-57.0,-3.0,-128.56505117707798,5.984876931685683,0.5434512329301087,0.023664537844748625,96.17692030835673
ss0_flat,D:\hp-laptop\USV\awr2944_sea_clutter_v02\simulation\stages\v02_dynamic_sea_truth\results\matlab\v02b_forward_seed101_hs1m\data\ss0_flat_seed101.h5,0,pcb_centroid_candidate,38,19.0,32,-45.0,-4.044691235386268,-44.0,-3.0,1.0,1.044691235386268,0.23280662521226694,0.01859781396892958,13.0
ss0_flat,D:\hp-laptop\USV\awr2944_sea_clutter_v02\simulation\stages\v02_dynamic_sea_truth\results\matlab\v02b_forward_seed101_hs1m\data\ss0_flat_seed101.h5,0,pcb_centroid_candidate,39,19.5,32,81.86989764584403,-4.044691235386268,-13.0,6.0,-94.86989764584403,10.044691235386267,0.24636706079816523,0.06914251930911758,32.28002478313795
ss0_flat,D:\hp-laptop\USV\awr2944_sea_clutter_v02\simulation\stages\v02_dynamic_sea_truth\results\matlab\v02b_forward_seed101_hs1m\data\ss0_flat_seed101.h5,0,pcb_centroid_candidate,40,20.0,32,-78.69006752597979,-5.600409184816617,-57.0,-9.0,21.690067525979785,-3.399590815183383,0.4912342615888876,0.049198943711976396,46.486557196677836
ss1_rippled,D:\hp-laptop\USV\awr2944_sea_clutter_v02\simulation\stages\v02_dynamic_sea_truth\results\matlab\v02b_forward_seed101_hs1m\data\ss1_rippled_seed101.h5,1,pcb_centroid_candidate,0,0.0,32,-11.309932474020213,-5.578178826025667,-45.0,-15.0,-33.690067525979785,-9.421821173974333,0.35336612233591624,0.07511368901471302,0.0
ss1_rippled,D:\hp-laptop\USV\awr2944_sea_clutter_v02\simulation\stages\v02_dynamic_sea_truth\results\matlab\v02b_forward_seed101_hs1m\data\ss1_rippled_seed101.h5,1,pcb_centroid_candidate,1,0.5,32,-83.6598082540901,-3.127370042186796,54.0,-6.0,137.65980825409008,-2.872629957813204,0.29671945548356043,0.0181448956333331,99.40824915468535
ss1_rippled,D:\hp-laptop\USV\awr2944_sea_clutter_v02\simulation\stages\v02_dynamic_sea_truth\results\matlab\v02b_forward_seed101_hs1m\data\ss1_rippled_seed101.h5,1,pcb_centroid_candidate,2,1.0,32,-11.309932474020213,-5.52844653484019,-46.0,4.0,-34.690067525979785,9.528446534840189,0.3388306911607472,0.030462796700727504,100.4987562112089
ss1_rippled,D:\hp-laptop\USV\awr2944_sea_clutter_v02\simulation\stages\v02_dynamic_sea_truth\results\matlab\v02b_forward_seed101_hs1m\data\ss1_rippled_seed101.h5,1,pcb_centroid_candidate,3,1.5,32,71.56505117707799,-8.809672032711923,14.0,-16.0,-57.56505117707799,-7.190327967288077,0.4923836457329276,0.14049440603607766,63.245553203367585
ss1_rippled,D:\hp-laptop\USV\awr2944_sea_clutter_v02\simulation\stages\v02_dynamic_sea_truth\results\matlab\v02b_forward_seed101_hs1m\data\ss1_rippled_seed101.h5,1,pcb_centroid_candidate,4,2.0,32,-45.0,-3.9758639293288516,49.0,-3.0,94.0,0.9758639293288516,0.5574838540466701,0.007055151621539455,37.33630940518894
ss1_rippled,D:\hp-laptop\USV\awr2944_sea_clutter_v02\simulation\stages\v02_dynamic_sea_truth\results\matlab\v02b_forward_seed101_hs1m\data\ss1_rippled_seed101.h5,1,pcb_centroid_candidate,5,2.5,32,-45.0,-19.5168391772745,47.0,13.0,92.0,32.5168391772745,0.8125716931429393,0.02147813867611055,16.1245154965971
ss1_rippled,D:\hp-laptop\USV\awr2944_sea_clutter_v02\simulation\stages\v02_dynamic_sea_truth\results\matlab\v02b_forward_seed101_hs1m\data\ss1_rippled_seed101.h5,1,pcb_centroid_candidate,6,3.0,32,-83.6598082540901,-3.159022892976031,42.0,4.0,125.6598082540901,7.159022892976031,0.3466987904149729,0.04472996187800592,10.295630140987
ss1_rippled,D:\hp-laptop\USV\awr2944_sea_clutter_v02\simulation\stages\v02_dynamic_sea_truth\results\matlab\v02b_forward_seed101_hs1m\data\ss1_rippled_seed101.h5,1,pcb_centroid_candidate,7,3.5,32,81.86989764584403,-4.048438034347983,-37.0,-14.0,-118.86989764584403,-9.951561965652017,0.2606161231945356,0.06326435714502637,81.02468759581859
ss1_rippled,D:\hp-laptop\USV\awr2944_sea_clutter_v02\simulation\stages\v02_dynamic_sea_truth\results\matlab\v02b_forward_seed101_hs1m\data\ss1_rippled_seed101.h5,1,pcb_centroid_candidate,8,4.0,32,-45.0,-4.026441131185963,33.0,-20.0,78.0,-15.973558868814038,0.4296112127508747,0.020237189982299605,70.25667228100119
ss1_rippled,D:\hp-laptop\USV\awr2944_sea_clutter_v02\simulation\stages\v02_dynamic_sea_truth\results\matlab\v02b_forward_seed101_hs1m\data\ss1_rippled_seed101.h5,1,pcb_centroid_candidate,9,4.5,32,-60.94539590092286,-2.804339164389133,-18.0,-6.0,42.94539590092286,-3.195660835610867,0.327428716143233,0.04112377619662101,52.88667128870941
ss1_rippled,D:\hp-laptop\USV\awr2944_sea_clutter_v02\simulation\stages\v02_dynamic_sea_truth\results\matlab\v02b_forward_seed101_hs1m\data\ss1_rippled_seed101.h5,1,pcb_centroid_candidate,10,5.0,32,28.30075576600638,-1.9653284922686458,-51.0,-12.0,-79.30075576600638,-10.034671507731353,0.3655581414042381,0.20282270815187992,33.54101966249684
ss1_rippled,D:\hp-laptop\USV\awr2944_sea_clutter_v02\simulation\stages\v02_dynamic_sea_truth\results\matlab\v02b_forward_seed101_hs1m\data\ss1_rippled_seed101.h5,1,pcb_centroid_candidate,11,5.5,32,-45.0,-4.047963649830206,-53.0,6.0,-8.0,10.047963649830205,0.2995596044830158,0.03172263905140533,18.110770276274835
ss1_rippled,D:\hp-laptop\USV\awr2944_sea_clutter_v02\simulation\stages\v02_dynamic_sea_truth\results\matlab\v02b_forward_seed101_hs1m\data\ss1_rippled_seed101.h5,1,pcb_centroid_candidate,12,6.0,32,28.30075576600638,-1.9521061442885357,-17.0,-13.0,-45.300755766006375,-11.047893855711465,0.23011945319175509,0.07896118357735862,40.70626487409524
ss1_rippled,D:\hp-laptop\USV\awr2944_sea_clutter_v02\simulation\stages\v02_dynamic_sea_truth\results\matlab\v02b_forward_seed101_hs1m\data\ss1_rippled_seed101.h5,1,pcb_centroid_candidate,13,6.5,32,30.96375653207352,-4.905797548474111,37.0,-6.0,6.036243467926479,-1.0942024515258888,0.41345808269809947,0.014331793082297763,54.45181356024793
ss1_rippled,D:\hp-laptop\USV\awr2944_sea_clutter_v02\simulation\stages\v02_dynamic_sea_truth\results\matlab\v02b_forward_seed101_hs1m\data\ss1_rippled_seed101.h5,1,pcb_centroid_candidate,14,7.0,32,-11.309932474020213,-5.611557879656313,-19.0,5.0,-7.690067525979787,10.611557879656313,0.3802429628823309,0.0017256851811245344,57.0701322935211
ss1_rippled,D:\hp-laptop\USV\awr2944_sea_clutter_v02\simulation\stages\v02_dynamic_sea_truth\results\matlab\v02b_forward_seed101_hs1m\data\ss1_rippled_seed101.h5,1,pcb_centroid_candidate,15,7.5,32,-45.0,-19.29784109789333,-20.0,-7.0,25.0,12.297841097893329,0.8117131629032924,0.0007464336538614668,12.041594578792296
ss1_rippled,D:\hp-laptop\USV\awr2944_sea_clutter_v02\simulation\stages\v02_dynamic_sea_truth\results\matlab\v02b_forward_seed101_hs1m\data\ss1_rippled_seed101.h5,1,pcb_centroid_candidate,16,8.0,32,30.96375653207352,-4.823655147665248,46.0,7.0,15.036243467926479,11.823655147665248,0.33340817628816627,0.004970037349054205,67.468511173732
ss1_rippled,D:\hp-laptop\USV\awr2944_sea_clutter_v02\simulation\stages\v02_dynamic_sea_truth\results\matlab\v02b_forward_seed101_hs1m\data\ss1_rippled_seed101.h5,1,pcb_centroid_candidate,17,8.5,32,-45.0,-19.635692031349162,6.0,0.0,51.0,19.635692031349162,0.7450200310504137,0.0009068224183563215,40.607881008493905
ss1_rippled,D:\hp-laptop\USV\awr2944_sea_clutter_v02\simulation\stages\v02_dynamic_sea_truth\results\matlab\v02b_forward_seed101_hs1m\data\ss1_rippled_seed101.h5,1,pcb_centroid_candidate,18,9.0,32,12.994616791916505,-2.132956893353454,-7.0,-4.0,-19.994616791916506,-1.867043106646546,0.26058934227822766,0.010818851630406377,13.601470508735444
ss1_rippled,D:\hp-laptop\USV\awr2944_sea_clutter_v02\simulation\stages\v02_dynamic_sea_truth\results\matlab\v02b_forward_seed101_hs1m\data\ss1_rippled_seed101.h5,1,pcb_centroid_candidate,19,9.5,32,-60.94539590092286,-2.7683841204487534,-16.0,4.0,44.94539590092286,6.768384120448753,0.39042430094724506,0.027803037448630975,12.041594578792296
ss1_rippled,D:\hp-laptop\USV\awr2944_sea_clutter_v02\simulation\stages\v02_dynamic_sea_truth\results\matlab\v02b_forward_seed101_hs1m\data\ss1_rippled_seed101.h5,1,pcb_centroid_candidate,20,10.0,32,-78.69006752597979,-5.534573693420803,49.0,9.0,127.69006752597979,14.534573693420803,0.6500410371652797,0.017779428526517448,65.19202405202648
ss1_rippled,D:\hp-laptop\USV\awr2944_sea_clutter_v02\simulation\stages\v02_dynamic_sea_truth\results\matlab\v02b_forward_seed101_hs1m\data\ss1_rippled_seed101.h5,1,pcb_centroid_candidate,21,10.5,32,-45.0,-19.347219489490996,47.0,18.0,92.0,37.347219489490996,0.6011439755881125,0.009314413967704637,9.219544457292887
ss1_rippled,D:\hp-laptop\USV\awr2944_sea_clutter_v02\simulation\stages\v02_dynamic_sea_truth\results\matlab\v02b_forward_seed101_hs1m\data\ss1_rippled_seed101.h5,1,pcb_centroid_candidate,22,11.0,32,-11.309932474020213,-5.483592259849698,-49.0,-1.0,-37.690067525979785,4.483592259849698,0.5881873291545433,0.06517661464807437,97.86214794290998
ss1_rippled,D:\hp-laptop\USV\awr2944_sea_clutter_v02\simulation\stages\v02_dynamic_sea_truth\results\matlab\v02b_forward_seed101_hs1m\data\ss1_rippled_seed101.h5,1,pcb_centroid_candidate,23,11.5,32,-6.34019174590991,-3.1726884235871897,9.0,-5.0,15.340191745909909,-1.8273115764128103,0.2440257862264978,0.11761501415163983,58.137767414994535
ss1_rippled,D:\hp-laptop\USV\awr2944_sea_clutter_v02\simulation\stages\v02_dynamic_sea_truth\results\matlab\v02b_forward_seed101_hs1m\data\ss1_rippled_seed101.h5,1,pcb_centroid_candidate,24,12.0,32,-11.309932474020213,-5.601430345366396,-57.0,-1.0,-45.690067525979785,4.601430345366396,0.3383392314198041,0.12521707368179924,66.12110101926616
ss1_rippled,D:\hp-laptop\USV\awr2944_sea_clutter_v02\simulation\stages\v02_dynamic_sea_truth\results\matlab\v02b_forward_seed101_hs1m\data\ss1_rippled_seed101.h5,1,pcb_centroid_candidate,25,12.5,32,-78.69006752597979,-5.622623837845353,38.0,18.0,116.69006752597979,23.622623837845353,0.34646974113129353,0.06676191387855826,96.88137075826292
ss1_rippled,D:\hp-laptop\USV\awr2944_sea_clutter_v02\simulation\stages\v02_dynamic_sea_truth\results\matlab\v02b_forward_seed101_hs1m\data\ss1_rippled_seed101.h5,1,pcb_centroid_candidate,26,13.0,32,71.56505117707799,-9.009048797167049,-43.0,-20.0,-114.56505117707799,-10.990951202832951,0.4541643188759922,0.08006661055713392,89.47066558375433
ss1_rippled,D:\hp-laptop\USV\awr2944_sea_clutter_v02\simulation\stages\v02_dynamic_sea_truth\results\matlab\v02b_forward_seed101_hs1m\data\ss1_rippled_seed101.h5,1,pcb_centroid_candidate,27,13.5,32,-45.0,-19.46902840952039,-43.0,3.0,2.0,22.46902840952039,0.6913538035401058,0.029153415824145993,23.0
ss1_rippled,D:\hp-laptop\USV\awr2944_sea_clutter_v02\simulation\stages\v02_dynamic_sea_truth\results\matlab\v02b_forward_seed101_hs1m\data\ss1_rippled_seed101.h5,1,pcb_centroid_candidate,28,14.0,32,-78.69006752597979,-5.614535643487742,-26.0,19.0,52.690067525979785,24.61453564348774,0.533121165576137,0.08289920650976376,23.345235059857504
ss1_rippled,D:\hp-laptop\USV\awr2944_sea_clutter_v02\simulation\stages\v02_dynamic_sea_truth\results\matlab\v02b_forward_seed101_hs1m\data\ss1_rippled_seed101.h5,1,pcb_centroid_candidate,29,14.5,32,71.56505117707799,-8.901698382737846,55.0,-11.0,-16.56505117707799,-2.0983016172621536,0.7747004687528245,0.04112785532460425,86.37708029332781
ss1_rippled,D:\hp-laptop\USV\awr2944_sea_clutter_v02\simulation\stages\v02_dynamic_sea_truth\results\matlab\v02b_forward_seed101_hs1m\data\ss1_rippled_seed101.h5,1,pcb_centroid_candidate,30,15.0,32,-6.34019174590991,-3.1575356366814686,3.0,-17.0,9.340191745909909,-13.84246436331853,0.26098478051779933,0.06978709160703266,52.3450093132096
ss1_rippled,D:\hp-laptop\USV\awr2944_sea_clutter_v02\simulation\stages\v02_dynamic_sea_truth\results\matlab\v02b_forward_seed101_hs1m\data\ss1_rippled_seed101.h5,1,pcb_centroid_candidate,31,15.5,32,81.86989764584403,-4.071633515119376,15.0,2.0,-66.86989764584403,6.071633515119376,0.587136650359125,0.04302417629552694,22.47220505424423
ss1_rippled,D:\hp-laptop\USV\awr2944_sea_clutter_v02\simulation\stages\v02_dynamic_sea_truth\results\matlab\v02b_forward_seed101_hs1m\data\ss1_rippled_seed101.h5,1,pcb_centroid_candidate,32,16.0,32,30.96375653207352,-4.874651134630612,-59.0,-8.0,-89.96375653207352,-3.1253488653693884,0.3786040864981415,0.13681984175874562,74.67261881037788
ss1_rippled,D:\hp-laptop\USV\awr2944_sea_clutter_v02\simulation\stages\v02_dynamic_sea_truth\results\matlab\v02b_forward_seed101_hs1m\data\ss1_rippled_seed101.h5,1,pcb_centroid_candidate,33,16.5,32,-11.309932474020213,-5.56253061714891,-8.0,-19.0,3.309932474020213,-13.43746938285109,0.5326085882219298,0.016927688512465296,52.172789842982326
ss1_rippled,D:\hp-laptop\USV\awr2944_sea_clutter_v02\simulation\stages\v02_dynamic_sea_truth\results\matlab\v02b_forward_seed101_hs1m\data\ss1_rippled_seed101.h5,1,pcb_centroid_candidate,34,17.0,32,30.96375653207352,-4.88838136641631,34.0,-4.0,3.0362434679264787,0.8883813664163096,0.4260014230928619,0.00635207418139922,44.598206241955516
ss1_rippled,D:\hp-laptop\USV\awr2944_sea_clutter_v02\simulation\stages\v02_dynamic_sea_truth\results\matlab\v02b_forward_seed101_hs1m\data\ss1_rippled_seed101.h5,1,pcb_centroid_candidate,35,17.5,32,-45.0,-4.048040437515718,-53.0,20.0,-8.0,24.048040437515716,0.23330641312751776,0.00032403741826782706,90.24965373894794
ss1_rippled,D:\hp-laptop\USV\awr2944_sea_clutter_v02\simulation\stages\v02_dynamic_sea_truth\results\matlab\v02b_forward_seed101_hs1m\data\ss1_rippled_seed101.h5,1,pcb_centroid_candidate,36,18.0,32,71.56505117707799,-8.872006753848128,-34.0,-15.0,-105.56505117707799,-6.127993246151872,0.647050733866838,0.03056398141475871,39.824615503479755
ss1_rippled,D:\hp-laptop\USV\awr2944_sea_clutter_v02\simulation\stages\v02_dynamic_sea_truth\results\matlab\v02b_forward_seed101_hs1m\data\ss1_rippled_seed101.h5,1,pcb_centroid_candidate,37,18.5,32,-45.0,-4.138613574773107,58.0,-8.0,103.0,-3.8613864252268932,0.5573759951387427,0.04835782942473794,92.26592003551474
ss1_rippled,D:\hp-laptop\USV\awr2944_sea_clutter_v02\simulation\stages\v02_dynamic_sea_truth\results\matlab\v02b_forward_seed101_hs1m\data\ss1_rippled_seed101.h5,1,pcb_centroid_candidate,38,19.0,32,-45.0,-19.43000931309374,-26.0,4.0,19.0,23.43000931309374,0.7777208055304026,0.015096546779170633,84.8528137423857
ss1_rippled,D:\hp-laptop\USV\awr2944_sea_clutter_v02\simulation\stages\v02_dynamic_sea_truth\results\matlab\v02b_forward_seed101_hs1m\data\ss1_rippled_seed101.h5,1,pcb_centroid_candidate,39,19.5,32,71.56505117707799,-8.80985363675515,27.0,19.0,-44.56505117707799,27.80985363675515,0.5380538131484839,0.0247000762318177,55.08175741568164
ss1_rippled,D:\hp-laptop\USV\awr2944_sea_clutter_v02\simulation\stages\v02_dynamic_sea_truth\results\matlab\v02b_forward_seed101_hs1m\data\ss1_rippled_seed101.h5,1,pcb_centroid_candidate,40,20.0,32,30.96375653207352,-4.931935213101639,-38.0,-16.0,-68.96375653207352,-11.068064786898361,0.37690320644799435,0.040273637915492454,73.824115301167
ss2_normal,D:\hp-laptop\USV\awr2944_sea_clutter_v02\simulation\stages\v02_dynamic_sea_truth\results\matlab\v02b_forward_seed101_hs1m\data\ss2_normal_seed101.h5,2,pcb_centroid_candidate,0,0.0,32,-45.0,-19.401511303269178,34.0,-18.0,79.0,1.401511303269178,0.7778641092769454,0.04598294641213756,0.0
ss2_normal,D:\hp-laptop\USV\awr2944_sea_clutter_v02\simulation\stages\v02_dynamic_sea_truth\results\matlab\v02b_forward_seed101_hs1m\data\ss2_normal_seed101.h5,2,pcb_centroid_candidate,1,0.5,32,-83.6598082540901,-2.964726883608046,-48.0,-4.0,35.659808254090095,-1.035273116391954,0.27040209269579063,0.008900160361581031,83.18653737234169
ss2_normal,D:\hp-laptop\USV\awr2944_sea_clutter_v02\simulation\stages\v02_dynamic_sea_truth\results\matlab\v02b_forward_seed101_hs1m\data\ss2_normal_seed101.h5,2,pcb_centroid_candidate,2,1.0,32,84.8055710922652,-2.2506659204295416,29.0,-15.0,-55.8055710922652,-12.749334079570458,0.2913128056161982,0.09499008087691878,77.78174593052023
ss2_normal,D:\hp-laptop\USV\awr2944_sea_clutter_v02\simulation\stages\v02_dynamic_sea_truth\results\matlab\v02b_forward_seed101_hs1m\data\ss2_normal_seed101.h5,2,pcb_centroid_candidate,3,1.5,32,18.43494882292201,-3.0177463456538005,30.0,5.0,11.56505117707799,8.017746345653801,0.3384496191210497,0.06981674036760097,20.024984394500787
ss2_normal,D:\hp-laptop\USV\awr2944_sea_clutter_v02\simulation\stages\v02_dynamic_sea_truth\results\matlab\v02b_forward_seed101_hs1m\data\ss2_normal_seed101.h5,2,pcb_centroid_candidate,4,2.0,32,-45.0,-18.925423879596778,-16.0,20.0,29.0,38.92542387959678,0.8100798796760701,0.016661121295442335,48.38388161361178
ss2_normal,D:\hp-laptop\USV\awr2944_sea_clutter_v02\simulation\stages\v02_dynamic_sea_truth\results\matlab\v02b_forward_seed101_hs1m\data\ss2_normal_seed101.h5,2,pcb_centroid_candidate,5,2.5,32,-34.69515353123397,-1.74316963301393,46.0,13.0,80.69515353123397,14.74316963301393,0.24546450756682264,0.044515662978173685,62.39390995922599
ss2_normal,D:\hp-laptop\USV\awr2944_sea_clutter_v02\simulation\stages\v02_dynamic_sea_truth\results\matlab\v02b_forward_seed101_hs1m\data\ss2_normal_seed101.h5,2,pcb_centroid_candidate,6,3.0,32,-45.0,-19.530309646129282,-16.0,-8.0,29.0,11.530309646129282,0.7261395735299848,0.08734128600979675,65.45991139621256
ss2_normal,D:\hp-laptop\USV\awr2944_sea_clutter_v02\simulation\stages\v02_dynamic_sea_truth\results\matlab\v02b_forward_seed101_hs1m\data\ss2_normal_seed101.h5,2,pcb_centroid_candidate,7,3.5,32,-4.398705354995532,-2.3851466044630465,-4.0,-3.0,0.39870535499553217,-0.6148533955369535,0.3308363579075547,0.12756173063366008,13.0
ss2_normal,D:\hp-laptop\USV\awr2944_sea_clutter_v02\simulation\stages\v02_dynamic_sea_truth\results\matlab\v02b_forward_seed101_hs1m\data\ss2_normal_seed101.h5,2,pcb_centroid_candidate,8,4.0,32,-11.309932474020213,-5.544807532368535,-49.0,6.0,-37.690067525979785,11.544807532368534,0.3972950017500146,0.027797482689592513,45.89117562233506
ss2_normal,D:\hp-laptop\USV\awr2944_sea_clutter_v02\simulation\stages\v02_dynamic_sea_truth\results\matlab\v02b_forward_seed101_hs1m\data\ss2_normal_seed101.h5,2,pcb_centroid_candidate,9,4.5,32,30.96375653207352,-4.664778405714236,-20.0,18.0,-50.96375653207352,22.664778405714237,0.2968315171671681,0.008063302172877875,31.38470965295043
ss2_normal,D:\hp-laptop\USV\awr2944_sea_clutter_v02\simulation\stages\v02_dynamic_sea_truth\results\matlab\v02b_forward_seed101_hs1m\data\ss2_normal_seed101.h5,2,pcb_centroid_candidate,10,5.0,32,54.46232220802562,-3.267652821681956,-28.0,-10.0,-82.46232220802563,-6.732347178318044,0.3795402489735789,0.018239901366432745,29.120439557122072
ss2_normal,D:\hp-laptop\USV\awr2944_sea_clutter_v02\simulation\stages\v02_dynamic_sea_truth\results\matlab\v02b_forward_seed101_hs1m\data\ss2_normal_seed101.h5,2,pcb_centroid_candidate,11,5.5,32,30.96375653207352,-5.412997459258991,-42.0,-3.0,-72.96375653207352,2.4129974592589907,0.3946587334477416,0.165858676711665,15.652475842498529
ss2_normal,D:\hp-laptop\USV\awr2944_sea_clutter_v02\simulation\stages\v02_dynamic_sea_truth\results\matlab\v02b_forward_seed101_hs1m\data\ss2_normal_seed101.h5,2,pcb_centroid_candidate,12,6.0,32,-45.0,-20.314623227190857,-9.0,8.0,36.0,28.314623227190857,0.743336574564771,0.1898431526902124,34.785054261852174
ss2_normal,D:\hp-laptop\USV\awr2944_sea_clutter_v02\simulation\stages\v02_dynamic_sea_truth\results\matlab\v02b_forward_seed101_hs1m\data\ss2_normal_seed101.h5,2,pcb_centroid_candidate,13,6.5,32,-78.69006752597979,-5.653414357792828,-44.0,17.0,34.690067525979785,22.653414357792826,0.4523538228818209,0.05714597286584401,36.138621999185304
ss2_normal,D:\hp-laptop\USV\awr2944_sea_clutter_v02\simulation\stages\v02_dynamic_sea_truth\results\matlab\v02b_forward_seed101_hs1m\data\ss2_normal_seed101.h5,2,pcb_centroid_candidate,14,7.0,32,-78.69006752597979,-5.575374566287239,-9.0,-3.0,69.69006752597979,2.5753745662872394,0.5320227584455812,0.0544277049232211,40.311288741492746
ss2_normal,D:\hp-laptop\USV\awr2944_sea_clutter_v02\simulation\stages\v02_dynamic_sea_truth\results\matlab\v02b_forward_seed101_hs1m\data\ss2_normal_seed101.h5,2,pcb_centroid_candidate,15,7.5,32,81.86989764584403,-3.8742808068911216,-23.0,2.0,-104.86989764584403,5.874280806891122,0.34810952259388633,0.06951995676080076,14.866068747318506
ss2_normal,D:\hp-laptop\USV\awr2944_sea_clutter_v02\simulation\stages\v02_dynamic_sea_truth\results\matlab\v02b_forward_seed101_hs1m\data\ss2_normal_seed101.h5,2,pcb_centroid_candidate,16,8.0,32,-45.0,-18.328112474516786,-58.0,10.0,-13.0,28.328112474516786,0.6469602151756706,0.03315804482717822,35.90264614203248
ss2_normal,D:\hp-laptop\USV\awr2944_sea_clutter_v02\simulation\stages\v02_dynamic_sea_truth\results\matlab\v02b_forward_seed101_hs1m\data\ss2_normal_seed101.h5,2,pcb_centroid_candidate,17,8.5,32,-45.0,-4.522991579268671,0.0,-14.0,45.0,-9.47700842073133,0.41762187939981976,0.008285496771424851,62.76941930590086
ss2_normal,D:\hp-laptop\USV\awr2944_sea_clutter_v02\simulation\stages\v02_dynamic_sea_truth\results\matlab\v02b_forward_seed101_hs1m\data\ss2_normal_seed101.h5,2,pcb_centroid_candidate,18,9.0,32,-78.69006752597979,-5.967913381166213,59.0,6.0,137.69006752597977,11.967913381166213,0.3427013751472728,0.05544761391639937,62.297672508690084
ss2_normal,D:\hp-laptop\USV\awr2944_sea_clutter_v02\simulation\stages\v02_dynamic_sea_truth\results\matlab\v02b_forward_seed101_hs1m\data\ss2_normal_seed101.h5,2,pcb_centroid_candidate,19,9.5,32,81.86989764584403,-4.098854332980533,40.0,12.0,-41.869897645844034,16.098854332980533,0.45527346376569083,0.048368774253679594,19.924858845171276
ss2_normal,D:\hp-laptop\USV\awr2944_sea_clutter_v02\simulation\stages\v02_dynamic_sea_truth\results\matlab\v02b_forward_seed101_hs1m\data\ss2_normal_seed101.h5,2,pcb_centroid_candidate,20,10.0,32,-60.94539590092286,-2.645142658945174,41.0,12.0,101.94539590092286,14.645142658945174,0.31606596602055864,0.06596201538402661,1.0
ss2_normal,D:\hp-laptop\USV\awr2944_sea_clutter_v02\simulation\stages\v02_dynamic_sea_truth\results\matlab\v02b_forward_seed101_hs1m\data\ss2_normal_seed101.h5,2,pcb_centroid_candidate,21,10.5,32,71.56505117707799,-8.267431292780989,17.0,-16.0,-54.56505117707799,-7.732568707219011,0.5260241608263466,0.008459471177808818,36.87817782917155
ss2_normal,D:\hp-laptop\USV\awr2944_sea_clutter_v02\simulation\stages\v02_dynamic_sea_truth\results\matlab\v02b_forward_seed101_hs1m\data\ss2_normal_seed101.h5,2,pcb_centroid_candidate,22,11.0,32,30.96375653207352,-5.145715913319113,60.0,14.0,29.03624346792648,19.145715913319112,0.3242671476919796,0.11472730296269695,52.43090691567332
ss2_normal,D:\hp-laptop\USV\awr2944_sea_clutter_v02\simulation\stages\v02_dynamic_sea_truth\results\matlab\v02b_forward_seed101_hs1m\data\ss2_normal_seed101.h5,2,pcb_centroid_candidate,23,11.5,32,-45.0,-18.308965538899333,-40.0,8.0,5.0,26.308965538899333,0.7713819636665084,0.13375825572308925,100.17983829094555
ss2_normal,D:\hp-laptop\USV\awr2944_sea_clutter_v02\simulation\stages\v02_dynamic_sea_truth\results\matlab\v02b_forward_seed101_hs1m\data\ss2_normal_seed101.h5,2,pcb_centroid_candidate,24,12.0,32,-45.0,-18.013045557548917,54.0,4.0,99.0,22.013045557548917,0.6218545766864116,0.0004267119788055117,94.08506789071261
ss2_normal,D:\hp-laptop\USV\awr2944_sea_clutter_v02\simulation\stages\v02_dynamic_sea_truth\results\matlab\v02b_forward_seed101_hs1m\data\ss2_normal_seed101.h5,2,pcb_centroid_candidate,25,12.5,32,-45.0,-20.14586580849644,19.0,-6.0,64.0,14.145865808496438,0.8028280895163739,0.04324331355462868,36.40054944640259
ss2_normal,D:\hp-laptop\USV\awr2944_sea_clutter_v02\simulation\stages\v02_dynamic_sea_truth\results\matlab\v02b_forward_seed101_hs1m\data\ss2_normal_seed101.h5,2,pcb_centroid_candidate,26,13.0,32,-45.0,-19.405494861883625,-25.0,-5.0,20.0,14.405494861883625,0.6088742385163024,0.027177912901729016,44.01136216933077
ss2_normal,D:\hp-laptop\USV\awr2944_sea_clutter_v02\simulation\stages\v02_dynamic_sea_truth\results\matlab\v02b_forward_seed101_hs1m\data\ss2_normal_seed101.h5,2,pcb_centroid_candidate,27,13.5,32,-11.309932474020213,-6.276271644365512,57.0,-12.0,68.30993247402021,-5.723728355634488,0.2496647996321083,0.06449852962367725,82.29823813423954
ss2_normal,D:\hp-laptop\USV\awr2944_sea_clutter_v02\simulation\stages\v02_dynamic_sea_truth\results\matlab\v02b_forward_seed101_hs1m\data\ss2_normal_seed101.h5,2,pcb_centroid_candidate,28,14.0,32,-45.0,-19.904468108025487,51.0,-16.0,96.0,3.904468108025487,0.797137945903876,0.034742801417945744,7.211102550927978
ss2_normal,D:\hp-laptop\USV\awr2944_sea_clutter_v02\simulation\stages\v02_dynamic_sea_truth\results\matlab\v02b_forward_seed101_hs1m\data\ss2_normal_seed101.h5,2,pcb_centroid_candidate,29,14.5,32,-83.6598082540901,-3.17989926945702,48.0,-6.0,131.65980825409008,-2.82010073054298,0.2107976748899926,0.0898341506734456,10.44030650891055
ss2_normal,D:\hp-laptop\USV\awr2944_sea_clutter_v02\simulation\stages\v02_dynamic_sea_truth\results\matlab\v02b_forward_seed101_hs1m\data\ss2_normal_seed101.h5,2,pcb_centroid_candidate,30,15.0,32,54.46232220802562,-3.1245974678493904,39.0,4.0,-15.462322208025618,7.124597467849391,0.398095476618804,0.1329170591526993,13.45362404707371
ss2_normal,D:\hp-laptop\USV\awr2944_sea_clutter_v02\simulation\stages\v02_dynamic_sea_truth\results\matlab\v02b_forward_seed101_hs1m\data\ss2_normal_seed101.h5,2,pcb_centroid_candidate,31,15.5,32,81.86989764584403,-4.043668112147408,-14.0,-12.0,-95.86989764584403,-7.956331887852592,0.3374915621940161,0.024513654231265357,55.362442142665635
ss2_normal,D:\hp-laptop\USV\awr2944_sea_clutter_v02\simulation\stages\v02_dynamic_sea_truth\results\matlab\v02b_forward_seed101_hs1m\data\ss2_normal_seed101.h5,2,pcb_centroid_candidate,32,16.0,32,-78.69006752597979,-4.535439613918402,-27.0,14.0,51.690067525979785,18.535439613918403,0.32959097613568167,0.03869427549017232,29.068883707497267
ss2_normal,D:\hp-laptop\USV\awr2944_sea_clutter_v02\simulation\stages\v02_dynamic_sea_truth\results\matlab\v02b_forward_seed101_hs1m\data\ss2_normal_seed101.h5,2,pcb_centroid_candidate,33,16.5,32,-83.6598082540901,-3.1131798621610725,-18.0,-14.0,65.6598082540901,-10.886820137838928,0.41256283739505417,0.111788759678416,29.410882339705484
ss2_normal,D:\hp-laptop\USV\awr2944_sea_clutter_v02\simulation\stages\v02_dynamic_sea_truth\results\matlab\v02b_forward_seed101_hs1m\data\ss2_normal_seed101.h5,2,pcb_centroid_candidate,34,17.0,32,-11.309932474020213,-5.759463983172285,-26.0,-16.0,-14.690067525979787,-10.240536016827715,0.40079342759400366,0.1386384872559932,8.246211251235321
ss2_normal,D:\hp-laptop\USV\awr2944_sea_clutter_v02\simulation\stages\v02_dynamic_sea_truth\results\matlab\v02b_forward_seed101_hs1m\data\ss2_normal_seed101.h5,2,pcb_centroid_candidate,35,17.5,32,81.86989764584403,-4.0400534128946735,41.0,5.0,-40.869897645844034,9.040053412894673,0.28425690705593804,0.05723891832930318,70.21395872616783
ss2_normal,D:\hp-laptop\USV\awr2944_sea_clutter_v02\simulation\stages\v02_dynamic_sea_truth\results\matlab\v02b_forward_seed101_hs1m\data\ss2_normal_seed101.h5,2,pcb_centroid_candidate,36,18.0,32,-78.69006752597979,-4.875070175176756,-37.0,8.0,41.690067525979785,12.875070175176756,0.4733272378307419,0.000343332301344202,78.05767098754612
ss2_normal,D:\hp-laptop\USV\awr2944_sea_clutter_v02\simulation\stages\v02_dynamic_sea_truth\results\matlab\v02b_forward_seed101_hs1m\data\ss2_normal_seed101.h5,2,pcb_centroid_candidate,37,18.5,32,-78.69006752597979,-5.165538828833504,22.0,-17.0,100.69006752597979,-11.834461171166495,0.31057552982650855,0.1546987378288179,64.07807737440318
ss2_normal,D:\hp-laptop\USV\awr2944_sea_clutter_v02\simulation\stages\v02_dynamic_sea_truth\results\matlab\v02b_forward_seed101_hs1m\data\ss2_normal_seed101.h5,2,pcb_centroid_candidate,38,19.0,32,37.874983651098205,-2.1254008810635656,22.0,0.0,-15.874983651098205,2.1254008810635656,0.24592445818501127,0.11691545501741459,17.0
ss2_normal,D:\hp-laptop\USV\awr2944_sea_clutter_v02\simulation\stages\v02_dynamic_sea_truth\results\matlab\v02b_forward_seed101_hs1m\data\ss2_normal_seed101.h5,2,pcb_centroid_candidate,39,19.5,32,-45.0,-18.652145473198757,50.0,7.0,95.0,25.652145473198757,0.7620979187046458,0.05863620159495167,28.861739379323623
ss2_normal,D:\hp-laptop\USV\awr2944_sea_clutter_v02\simulation\stages\v02_dynamic_sea_truth\results\matlab\v02b_forward_seed101_hs1m\data\ss2_normal_seed101.h5,2,pcb_centroid_candidate,40,20.0,32,-45.0,-18.318114863400965,15.0,-16.0,60.0,2.3181148634009645,0.7616684438976257,0.07838984635383323,41.88078318274385
ss3_nominal,D:\hp-laptop\USV\awr2944_sea_clutter_v02\simulation\stages\v02_dynamic_sea_truth\results\matlab\v02b_forward_seed101_hs1m\data\ss3_nominal_seed101.h5,3,pcb_centroid_candidate,0,0.0,32,71.56505117707799,-5.788884086567483,6.0,7.0,-65.56505117707799,12.788884086567483,0.6174597330518957,0.18652931528013206,0.0
ss3_nominal,D:\hp-laptop\USV\awr2944_sea_clutter_v02\simulation\stages\v02_dynamic_sea_truth\results\matlab\v02b_forward_seed101_hs1m\data\ss3_nominal_seed101.h5,3,pcb_centroid_candidate,1,0.5,32,-11.309932474020213,-5.526732345234713,38.0,-9.0,49.309932474020215,-3.473267654765287,0.3137314293231197,0.0029196216555440703,35.77708763999664
ss3_nominal,D:\hp-laptop\USV\awr2944_sea_clutter_v02\simulation\stages\v02_dynamic_sea_truth\results\matlab\v02b_forward_seed101_hs1m\data\ss3_nominal_seed101.h5,3,pcb_centroid_candidate,2,1.0,32,-4.398705354995532,-2.102057687495035,-54.0,3.0,-49.601294645004465,5.102057687495035,0.27211946579668206,0.024726152516829518,92.77930803794561
ss3_nominal,D:\hp-laptop\USV\awr2944_sea_clutter_v02\simulation\stages\v02_dynamic_sea_truth\results\matlab\v02b_forward_seed101_hs1m\data\ss3_nominal_seed101.h5,3,pcb_centroid_candidate,3,1.5,32,-45.0,-22.04948194060674,4.0,-13.0,49.0,9.04948194060674,0.6677324670435295,0.06355852834257132,60.166435825965294
ss3_nominal,D:\hp-laptop\USV\awr2944_sea_clutter_v02\simulation\stages\v02_dynamic_sea_truth\results\matlab\v02b_forward_seed101_hs1m\data\ss3_nominal_seed101.h5,3,pcb_centroid_candidate,4,2.0,32,-6.34019174590991,-4.347481354623241,33.0,-13.0,39.34019174590991,-8.652518645376759,0.3135003269366871,0.08194278673704057,29.0
ss3_nominal,D:\hp-laptop\USV\awr2944_sea_clutter_v02\simulation\stages\v02_dynamic_sea_truth\results\matlab\v02b_forward_seed101_hs1m\data\ss3_nominal_seed101.h5,3,pcb_centroid_candidate,5,2.5,32,-11.309932474020213,-7.030191563506276,12.0,-15.0,23.309932474020215,-7.969808436493724,0.4045448335955485,0.08188496528793722,21.095023109728988
ss3_nominal,D:\hp-laptop\USV\awr2944_sea_clutter_v02\simulation\stages\v02_dynamic_sea_truth\results\matlab\v02b_forward_seed101_hs1m\data\ss3_nominal_seed101.h5,3,pcb_centroid_candidate,6,3.0,32,54.46232220802562,-3.508127531595225,-8.0,-5.0,-62.46232220802562,-1.4918724684047748,0.32531849013891445,0.05314596820501932,22.360679774997898
ss3_nominal,D:\hp-laptop\USV\awr2944_sea_clutter_v02\simulation\stages\v02_dynamic_sea_truth\results\matlab\v02b_forward_seed101_hs1m\data\ss3_nominal_seed101.h5,3,pcb_centroid_candidate,7,3.5,32,81.86989764584403,-3.2033975480623416,-19.0,-3.0,-100.86989764584403,0.20339754806234156,0.44607357652630747,0.018519321764444575,11.180339887498949
ss3_nominal,D:\hp-laptop\USV\awr2944_sea_clutter_v02\simulation\stages\v02_dynamic_sea_truth\results\matlab\v02b_forward_seed101_hs1m\data\ss3_nominal_seed101.h5,3,pcb_centroid_candidate,8,4.0,32,-11.309932474020213,-5.2713621435469085,9.0,12.0,20.309932474020215,17.27136214354691,0.29827395181425714,0.1048724059534361,31.76476034853718
ss3_nominal,D:\hp-laptop\USV\awr2944_sea_clutter_v02\simulation\stages\v02_dynamic_sea_truth\results\matlab\v02b_forward_seed101_hs1m\data\ss3_nominal_seed101.h5,3,pcb_centroid_candidate,9,4.5,32,-45.0,-19.40765100327401,-52.0,-6.0,-7.0,13.407651003274012,0.7626681656241849,0.024929721432758244,63.60031446463138
ss3_nominal,D:\hp-laptop\USV\awr2944_sea_clutter_v02\simulation\stages\v02_dynamic_sea_truth\results\matlab\v02b_forward_seed101_hs1m\data\ss3_nominal_seed101.h5,3,pcb_centroid_candidate,10,5.0,32,30.96375653207352,-4.632675611812201,-16.0,-6.0,-46.96375653207352,-1.3673243881877992,0.32631643308504527,0.020442264822866447,36.0
ss3_nominal,D:\hp-laptop\USV\awr2944_sea_clutter_v02\simulation\stages\v02_dynamic_sea_truth\results\matlab\v02b_forward_seed101_hs1m\data\ss3_nominal_seed101.h5,3,pcb_centroid_candidate,11,5.5,32,-78.69006752597979,-6.942017865150754,-37.0,-15.0,41.690067525979785,-8.057982134849247,0.33207631851166636,0.025566210203652396,22.847319317591726
ss3_nominal,D:\hp-laptop\USV\awr2944_sea_clutter_v02\simulation\stages\v02_dynamic_sea_truth\results\matlab\v02b_forward_seed101_hs1m\data\ss3_nominal_seed101.h5,3,pcb_centroid_candidate,12,6.0,32,-45.0,-24.654191645778646,40.0,14.0,85.0,38.654191645778646,0.8219935210312899,0.025674005773546955,82.28000972289685
ss3_nominal,D:\hp-laptop\USV\awr2944_sea_clutter_v02\simulation\stages\v02_dynamic_sea_truth\results\matlab\v02b_forward_seed101_hs1m\data\ss3_nominal_seed101.h5,3,pcb_centroid_candidate,13,6.5,32,-78.69006752597979,-5.463193906481679,-45.0,15.0,33.690067525979785,20.463193906481678,0.34541668775275,0.06536789639231089,85.00588214941364
ss3_nominal,D:\hp-laptop\USV\awr2944_sea_clutter_v02\simulation\stages\v02_dynamic_sea_truth\results\matlab\v02b_forward_seed101_hs1m\data\ss3_nominal_seed101.h5,3,pcb_centroid_candidate,14,7.0,32,-45.0,-5.236207700065331,-39.0,-2.0,6.0,3.2362077000653313,0.33031938464921035,0.04162706505906677,18.027756377319946
ss3_nominal,D:\hp-laptop\USV\awr2944_sea_clutter_v02\simulation\stages\v02_dynamic_sea_truth\results\matlab\v02b_forward_seed101_hs1m\data\ss3_nominal_seed101.h5,3,pcb_centroid_candidate,15,7.5,32,71.56505117707799,-11.864376282891373,38.0,-19.0,-33.56505117707799,-7.135623717108627,0.6279593802762573,0.04760335020404241,78.85429601486528
ss3_nominal,D:\hp-laptop\USV\awr2944_sea_clutter_v02\simulation\stages\v02_dynamic_sea_truth\results\matlab\v02b_forward_seed101_hs1m\data\ss3_nominal_seed101.h5,3,pcb_centroid_candidate,16,8.0,32,54.46232220802562,-3.12794226060636,-34.0,18.0,-88.46232220802563,21.12794226060636,0.4535671527611237,0.03215458043357252,80.95060222135473
ss3_nominal,D:\hp-laptop\USV\awr2944_sea_clutter_v02\simulation\stages\v02_dynamic_sea_truth\results\matlab\v02b_forward_seed101_hs1m\data\ss3_nominal_seed101.h5,3,pcb_centroid_candidate,17,8.5,32,-45.0,-26.243461591432435,59.0,19.0,104.0,45.243461591432435,0.86808270178882,0.14093666529835325,93.00537618869137
ss3_nominal,D:\hp-laptop\USV\awr2944_sea_clutter_v02\simulation\stages\v02_dynamic_sea_truth\results\matlab\v02b_forward_seed101_hs1m\data\ss3_nominal_seed101.h5,3,pcb_centroid_candidate,18,9.0,32,71.56505117707799,-10.045115024812691,2.0,9.0,-69.56505117707799,19.04511502481269,0.5220014435233763,0.06091159801503704,57.87054518492115
ss3_nominal,D:\hp-laptop\USV\awr2944_sea_clutter_v02\simulation\stages\v02_dynamic_sea_truth\results\matlab\v02b_forward_seed101_hs1m\data\ss3_nominal_seed101.h5,3,pcb_centroid_candidate,19,9.5,32,-45.0,-2.9789345773233658,-13.0,-8.0,32.0,-5.021065422676634,0.27071538600177236,0.050588032307492606,22.67156809750927
ss3_nominal,D:\hp-laptop\USV\awr2944_sea_clutter_v02\simulation\stages\v02_dynamic_sea_truth\results\matlab\v02b_forward_seed101_hs1m\data\ss3_nominal_seed101.h5,3,pcb_centroid_candidate,20,10.0,32,86.18592516570965,-1.9234537014607542,11.0,-12.0,-75.18592516570965,-10.076546298539245,0.233859011788585,0.03117465541339442,24.331050121192877
ss3_nominal,D:\hp-laptop\USV\awr2944_sea_clutter_v02\simulation\stages\v02_dynamic_sea_truth\results\matlab\v02b_forward_seed101_hs1m\data\ss3_nominal_seed101.h5,3,pcb_centroid_candidate,21,10.5,32,-78.69006752597979,-6.73426324902049,16.0,-6.0,94.69006752597979,0.7342632490204899,0.4813100418741745,0.07109443999562899,7.810249675906654
ss3_nominal,D:\hp-laptop\USV\awr2944_sea_clutter_v02\simulation\stages\v02_dynamic_sea_truth\results\matlab\v02b_forward_seed101_hs1m\data\ss3_nominal_seed101.h5,3,pcb_centroid_candidate,22,11.0,32,-68.96248897457819,-1.843880245506783,27.0,18.0,95.96248897457819,19.84388024550678,0.2512335108497739,0.01729074457029418,26.40075756488817
ss3_nominal,D:\hp-laptop\USV\awr2944_sea_clutter_v02\simulation\stages\v02_dynamic_sea_truth\results\matlab\v02b_forward_seed101_hs1m\data\ss3_nominal_seed101.h5,3,pcb_centroid_candidate,23,11.5,32,-6.34019174590991,-2.43035471429392,30.0,-12.0,36.34019174590991,-9.56964528570608,0.2982959222911864,0.0800431087355003,30.14962686336267
ss3_nominal,D:\hp-laptop\USV\awr2944_sea_clutter_v02\simulation\stages\v02_dynamic_sea_truth\results\matlab\v02b_forward_seed101_hs1m\data\ss3_nominal_seed101.h5,3,pcb_centroid_candidate,24,12.0,32,-78.69006752597979,-6.087876514560407,15.0,18.0,93.69006752597979,24.087876514560406,0.3886462844985525,0.14169674701412877,33.54101966249684
ss3_nominal,D:\hp-laptop\USV\awr2944_sea_clutter_v02\simulation\stages\v02_dynamic_sea_truth\results\matlab\v02b_forward_seed101_hs1m\data\ss3_nominal_seed101.h5,3,pcb_centroid_candidate,25,12.5,32,-78.69006752597979,-7.116533026544916,-6.0,-5.0,72.69006752597979,2.116533026544916,0.3660775512724991,0.04179602071010598,31.144823004794873
ss3_nominal,D:\hp-laptop\USV\awr2944_sea_clutter_v02\simulation\stages\v02_dynamic_sea_truth\results\matlab\v02b_forward_seed101_hs1m\data\ss3_nominal_seed101.h5,3,pcb_centroid_candidate,26,13.0,32,-45.0,-20.362152228420545,50.0,-17.0,95.0,3.3621522284205447,0.5890776641454134,0.004103341619528876,57.271284253105414
ss3_nominal,D:\hp-laptop\USV\awr2944_sea_clutter_v02\simulation\stages\v02_dynamic_sea_truth\results\matlab\v02b_forward_seed101_hs1m\data\ss3_nominal_seed101.h5,3,pcb_centroid_candidate,27,13.5,32,-11.309932474020213,-7.783743173821865,-11.0,4.0,0.3099324740202132,11.783743173821865,0.38949508962130147,0.015988159879130923,64.51356446515724
ss3_nominal,D:\hp-laptop\USV\awr2944_sea_clutter_v02\simulation\stages\v02_dynamic_sea_truth\results\matlab\v02b_forward_seed101_hs1m\data\ss3_nominal_seed101.h5,3,pcb_centroid_candidate,28,14.0,32,18.43494882292201,-2.909024459861773,1.0,16.0,-17.43494882292201,18.909024459861772,0.3239288787485638,0.006180786987016394,16.97056274847714
ss3_nominal,D:\hp-laptop\USV\awr2944_sea_clutter_v02\simulation\stages\v02_dynamic_sea_truth\results\matlab\v02b_forward_seed101_hs1m\data\ss3_nominal_seed101.h5,3,pcb_centroid_candidate,29,14.5,32,-45.0,-13.270477932719812,25.0,10.0,70.0,23.270477932719814,0.49204249600642996,0.05001333445532934,24.73863375370596
ss3_nominal,D:\hp-laptop\USV\awr2944_sea_clutter_v02\simulation\stages\v02_dynamic_sea_truth\results\matlab\v02b_forward_seed101_hs1m\data\ss3_nominal_seed101.h5,3,pcb_centroid_candidate,30,15.0,32,71.56505117707799,-7.657357600954691,53.0,7.0,-18.56505117707799,14.65735760095469,0.5009635485148022,0.11932888568405715,28.160255680657446
ss3_nominal,D:\hp-laptop\USV\awr2944_sea_clutter_v02\simulation\stages\v02_dynamic_sea_truth\results\matlab\v02b_forward_seed101_hs1m\data\ss3_nominal_seed101.h5,3,pcb_centroid_candidate,31,15.5,32,-78.69006752597979,-4.163732735653534,25.0,-19.0,103.69006752597979,-14.836267264346466,0.3394323134655092,0.1047885747839627,38.2099463490856
ss3_nominal,D:\hp-laptop\USV\awr2944_sea_clutter_v02\simulation\stages\v02_dynamic_sea_truth\results\matlab\v02b_forward_seed101_hs1m\data\ss3_nominal_seed101.h5,3,pcb_centroid_candidate,32,16.0,32,28.30075576600638,-2.1425729601263983,-56.0,-6.0,-84.30075576600638,-3.8574270398736017,0.2688104476079795,0.014108035924398323,82.03657720797473
ss3_nominal,D:\hp-laptop\USV\awr2944_sea_clutter_v02\simulation\stages\v02_dynamic_sea_truth\results\matlab\v02b_forward_seed101_hs1m\data\ss3_nominal_seed101.h5,3,pcb_centroid_candidate,33,16.5,32,54.46232220802562,-2.8068920728739664,21.0,-20.0,-33.46232220802562,-17.193107927126032,0.3429215333755984,0.05129249666134741,78.26237921249263
ss3_nominal,D:\hp-laptop\USV\awr2944_sea_clutter_v02\simulation\stages\v02_dynamic_sea_truth\results\matlab\v02b_forward_seed101_hs1m\data\ss3_nominal_seed101.h5,3,pcb_centroid_candidate,34,17.0,32,-11.309932474020213,-6.451603521628538,-28.0,-10.0,-16.690067525979785,-3.548396478371462,0.3686364973152078,0.005904713118953296,50.00999900019995
ss3_nominal,D:\hp-laptop\USV\awr2944_sea_clutter_v02\simulation\stages\v02_dynamic_sea_truth\results\matlab\v02b_forward_seed101_hs1m\data\ss3_nominal_seed101.h5,3,pcb_centroid_candidate,35,17.5,32,-78.69006752597979,-7.946138115496472,-21.0,-15.0,57.690067525979785,-7.053861884503528,0.4377504359476084,0.0291223942665913,8.602325267042627
ss3_nominal,D:\hp-laptop\USV\awr2944_sea_clutter_v02\simulation\stages\v02_dynamic_sea_truth\results\matlab\v02b_forward_seed101_hs1m\data\ss3_nominal_seed101.h5,3,pcb_centroid_candidate,36,18.0,32,71.56505117707799,-9.801466049655303,25.0,16.0,-46.56505117707799,25.801466049655303,0.40780194916435303,0.14894510963284477,55.47071299343465
ss3_nominal,D:\hp-laptop\USV\awr2944_sea_clutter_v02\simulation\stages\v02_dynamic_sea_truth\results\matlab\v02b_forward_seed101_hs1m\data\ss3_nominal_seed101.h5,3,pcb_centroid_candidate,37,18.5,32,-83.6598082540901,-3.5394433824821516,-25.0,10.0,58.659808254090095,13.539443382482151,0.32800845176986426,0.042927534279559004,50.35871324805669
ss3_nominal,D:\hp-laptop\USV\awr2944_sea_clutter_v02\simulation\stages\v02_dynamic_sea_truth\results\matlab\v02b_forward_seed101_hs1m\data\ss3_nominal_seed101.h5,3,pcb_centroid_candidate,38,19.0,32,-45.0,-16.96170005102806,41.0,-5.0,86.0,11.96170005102806,0.7036079168509998,0.1045976532230068,67.68308503607086
ss3_nominal,D:\hp-laptop\USV\awr2944_sea_clutter_v02\simulation\stages\v02_dynamic_sea_truth\results\matlab\v02b_forward_seed101_hs1m\data\ss3_nominal_seed101.h5,3,pcb_centroid_candidate,39,19.5,32,30.96375653207352,-4.193458010237431,-32.0,-3.0,-62.96375653207352,1.193458010237431,0.38842172402140007,0.08051134727015415,73.02739212103907
ss3_nominal,D:\hp-laptop\USV\awr2944_sea_clutter_v02\simulation\stages\v02_dynamic_sea_truth\results\matlab\v02b_forward_seed101_hs1m\data\ss3_nominal_seed101.h5,3,pcb_centroid_candidate,40,20.0,32,54.46232220802562,-3.7100644404889964,24.0,8.0,-30.46232220802562,11.710064440488996,0.2533714421392962,0.01681446463746805,57.0701322935211
ss3_upper,D:\hp-laptop\USV\awr2944_sea_clutter_v02\simulation\stages\v02_dynamic_sea_truth\results\matlab\v02b_forward_seed101_hs1m\data\ss3_upper_seed101.h5,3,pcb_centroid_candidate,0,0.0,32,-29.054604099077146,-3.7209474152194746,-57.0,1.0,-27.945395900922854,4.720947415219475,0.2668995014228685,0.006225214293579252,0.0
ss3_upper,D:\hp-laptop\USV\awr2944_sea_clutter_v02\simulation\stages\v02_dynamic_sea_truth\results\matlab\v02b_forward_seed101_hs1m\data\ss3_upper_seed101.h5,3,pcb_centroid_candidate,1,0.5,32,30.96375653207352,-6.857757631992296,5.0,14.0,-25.96375653207352,20.857757631992296,0.43216572244340457,0.0032669856558140576,63.34824385884742
ss3_upper,D:\hp-laptop\USV\awr2944_sea_clutter_v02\simulation\stages\v02_dynamic_sea_truth\results\matlab\v02b_forward_seed101_hs1m\data\ss3_upper_seed101.h5,3,pcb_centroid_candidate,2,1.0,32,71.56505117707799,-9.698375774900027,-2.0,-12.0,-73.56505117707799,-2.3016242250999728,0.47891312521296125,0.02142468209078982,26.92582403567252
ss3_upper,D:\hp-laptop\USV\awr2944_sea_clutter_v02\simulation\stages\v02_dynamic_sea_truth\results\matlab\v02b_forward_seed101_hs1m\data\ss3_upper_seed101.h5,3,pcb_centroid_candidate,3,1.5,32,71.56505117707799,-10.501153804680715,-51.0,5.0,-122.56505117707799,15.501153804680715,0.42064587788932845,0.007559889591098171,51.86520991955976
ss3_upper,D:\hp-laptop\USV\awr2944_sea_clutter_v02\simulation\stages\v02_dynamic_sea_truth\results\matlab\v02b_forward_seed101_hs1m\data\ss3_upper_seed101.h5,3,pcb_centroid_candidate,4,2.0,32,71.56505117707799,-13.091517185976846,16.0,15.0,-55.56505117707799,28.091517185976848,0.5170714684713211,0.0943025125865006,67.7421582177598
ss3_upper,D:\hp-laptop\USV\awr2944_sea_clutter_v02\simulation\stages\v02_dynamic_sea_truth\results\matlab\v02b_forward_seed101_hs1m\data\ss3_upper_seed101.h5,3,pcb_centroid_candidate,5,2.5,32,-11.309932474020213,-7.281646304557275,-43.0,16.0,-31.690067525979785,23.281646304557274,0.4752020809285782,0.03337538869407101,59.00847396772772
ss3_upper,D:\hp-laptop\USV\awr2944_sea_clutter_v02\simulation\stages\v02_dynamic_sea_truth\results\matlab\v02b_forward_seed101_hs1m\data\ss3_upper_seed101.h5,3,pcb_centroid_candidate,6,3.0,32,-78.69006752597979,-6.163374708569495,-37.0,0.0,41.690067525979785,6.163374708569495,0.39950111465054977,0.0253067138486184,17.08800749063506
ss3_upper,D:\hp-laptop\USV\awr2944_sea_clutter_v02\simulation\stages\v02_dynamic_sea_truth\results\matlab\v02b_forward_seed101_hs1m\data\ss3_upper_seed101.h5,3,pcb_centroid_candidate,7,3.5,32,-29.054604099077146,-2.679322597225064,41.0,15.0,70.05460409907715,17.679322597225063,0.3252764379158717,0.022472267939349762,79.42921376924235
ss3_upper,D:\hp-laptop\USV\awr2944_sea_clutter_v02\simulation\stages\v02_dynamic_sea_truth\results\matlab\v02b_forward_seed101_hs1m\data\ss3_upper_seed101.h5,3,pcb_centroid_candidate,8,4.0,32,30.96375653207352,-4.051874198756955,-60.0,1.0,-90.96375653207352,5.051874198756955,0.39301642136335146,0.004825565353185775,101.96568050084302
ss3_upper,D:\hp-laptop\USV\awr2944_sea_clutter_v02\simulation\stages\v02_dynamic_sea_truth\results\matlab\v02b_forward_seed101_hs1m\data\ss3_upper_seed101.h5,3,pcb_centroid_candidate,9,4.5,32,-29.054604099077146,-2.1574720123654454,15.0,-12.0,44.054604099077146,-9.842527987634554,0.27865067564156937,0.15139566815864408,76.11832893594026
ss3_upper,D:\hp-laptop\USV\awr2944_sea_clutter_v02\simulation\stages\v02_dynamic_sea_truth\results\matlab\v02b_forward_seed101_hs1m\data\ss3_upper_seed101.h5,3,pcb_centroid_candidate,10,5.0,32,-78.69006752597979,-5.736413328042927,-47.0,12.0,31.690067525979785,17.73641332804293,0.32931520107393597,0.049117204689064005,66.48308055437865
ss3_upper,D:\hp-laptop\USV\awr2944_sea_clutter_v02\simulation\stages\v02_dynamic_sea_truth\results\matlab\v02b_forward_seed101_hs1m\data\ss3_upper_seed101.h5,3,pcb_centroid_candidate,11,5.5,32,71.56505117707799,-5.419003856643449,14.0,-11.0,-57.56505117707799,-5.580996143356551,0.48758948333243246,0.029325843186313805,65.19202405202648
ss3_upper,D:\hp-laptop\USV\awr2944_sea_clutter_v02\simulation\stages\v02_dynamic_sea_truth\results\matlab\v02b_forward_seed101_hs1m\data\ss3_upper_seed101.h5,3,pcb_centroid_candidate,12,6.0,32,-11.309932474020213,-5.597139659963713,50.0,-7.0,61.309932474020215,-1.4028603400362867,0.32171486529890225,0.13960809519020487,36.22154055254967
ss3_upper,D:\hp-laptop\USV\awr2944_sea_clutter_v02\simulation\stages\v02_dynamic_sea_truth\results\matlab\v02b_forward_seed101_hs1m\data\ss3_upper_seed101.h5,3,pcb_centroid_candidate,13,6.5,32,71.56505117707799,-8.514290635987294,40.0,12.0,-31.56505117707799,20.514290635987294,0.40243108494776114,0.0013899434101863754,21.470910553583888
ss3_upper,D:\hp-laptop\USV\awr2944_sea_clutter_v02\simulation\stages\v02_dynamic_sea_truth\results\matlab\v02b_forward_seed101_hs1m\data\ss3_upper_seed101.h5,3,pcb_centroid_candidate,14,7.0,32,-6.34019174590991,-3.950189823207591,3.0,-18.0,9.340191745909909,-14.049810176792409,0.29845803357569956,0.04649222565079722,47.634021455258214
ss3_upper,D:\hp-laptop\USV\awr2944_sea_clutter_v02\simulation\stages\v02_dynamic_sea_truth\results\matlab\v02b_forward_seed101_hs1m\data\ss3_upper_seed101.h5,3,pcb_centroid_candidate,15,7.5,32,-78.69006752597979,-4.669701517415646,-14.0,8.0,64.69006752597979,12.669701517415646,0.45376773918555546,0.1917369234929056,31.064449134018133
ss3_upper,D:\hp-laptop\USV\awr2944_sea_clutter_v02\simulation\stages\v02_dynamic_sea_truth\results\matlab\v02b_forward_seed101_hs1m\data\ss3_upper_seed101.h5,3,pcb_centroid_candidate,16,8.0,32,54.46232220802562,-3.092893507119634,-29.0,-15.0,-83.46232220802563,-11.907106492880366,0.2963802574436789,0.01004547782097797,27.459060435491963
ss3_upper,D:\hp-laptop\USV\awr2944_sea_clutter_v02\simulation\stages\v02_dynamic_sea_truth\results\matlab\v02b_forward_seed101_hs1m\data\ss3_upper_seed101.h5,3,pcb_centroid_candidate,17,8.5,32,18.43494882292201,-3.572943644062988,28.0,19.0,9.56505117707799,22.57294364406299,0.2996254067206313,0.00910108460712972,66.37017402418047
ss3_upper,D:\hp-laptop\USV\awr2944_sea_clutter_v02\simulation\stages\v02_dynamic_sea_truth\results\matlab\v02b_forward_seed101_hs1m\data\ss3_upper_seed101.h5,3,pcb_centroid_candidate,18,9.0,32,-45.0,-26.30670861153173,-12.0,3.0,33.0,29.30670861153173,0.7951305008883178,0.21255760101230617,43.08131845707603
ss3_upper,D:\hp-laptop\USV\awr2944_sea_clutter_v02\simulation\stages\v02_dynamic_sea_truth\results\matlab\v02b_forward_seed101_hs1m\data\ss3_upper_seed101.h5,3,pcb_centroid_candidate,19,9.5,32,30.96375653207352,-4.7368668029201615,-4.0,-16.0,-34.96375653207352,-11.263133197079839,0.4279010363265554,0.01374817129217165,20.615528128088304
ss3_upper,D:\hp-laptop\USV\awr2944_sea_clutter_v02\simulation\stages\v02_dynamic_sea_truth\results\matlab\v02b_forward_seed101_hs1m\data\ss3_upper_seed101.h5,3,pcb_centroid_candidate,20,10.0,32,-45.0,-9.960808985938813,25.0,-2.0,70.0,7.960808985938813,0.7638610809394487,0.026119202106759366,32.202484376209235
ss3_upper,D:\hp-laptop\USV\awr2944_sea_clutter_v02\simulation\stages\v02_dynamic_sea_truth\results\matlab\v02b_forward_seed101_hs1m\data\ss3_upper_seed101.h5,3,pcb_centroid_candidate,21,10.5,32,30.96375653207352,-4.217304847493937,3.0,-17.0,-27.96375653207352,-12.782695152506063,0.5916155527791276,0.008894566237324814,26.627053911388696
ss3_upper,D:\hp-laptop\USV\awr2944_sea_clutter_v02\simulation\stages\v02_dynamic_sea_truth\results\matlab\v02b_forward_seed101_hs1m\data\ss3_upper_seed101.h5,3,pcb_centroid_candidate,22,11.0,32,-11.309932474020213,-7.351672493354909,-38.0,-11.0,-26.690067525979785,-3.6483275066450913,0.36942979630329725,0.021412439605236075,41.43669871020132
ss3_upper,D:\hp-laptop\USV\awr2944_sea_clutter_v02\simulation\stages\v02_dynamic_sea_truth\results\matlab\v02b_forward_seed101_hs1m\data\ss3_upper_seed101.h5,3,pcb_centroid_candidate,23,11.5,32,71.56505117707799,-10.68035834915463,32.0,18.0,-39.56505117707799,28.68035834915463,0.7078318602245551,0.06564128543319346,75.76938695805846
ss3_upper,D:\hp-laptop\USV\awr2944_sea_clutter_v02\simulation\stages\v02_dynamic_sea_truth\results\matlab\v02b_forward_seed101_hs1m\data\ss3_upper_seed101.h5,3,pcb_centroid_candidate,24,12.0,32,37.874983651098205,-2.447476515721644,-2.0,0.0,-39.874983651098205,2.447476515721644,0.3415630724732739,0.023434677083655032,38.47076812334269
ss3_upper,D:\hp-laptop\USV\awr2944_sea_clutter_v02\simulation\stages\v02_dynamic_sea_truth\results\matlab\v02b_forward_seed101_hs1m\data\ss3_upper_seed101.h5,3,pcb_centroid_candidate,25,12.5,32,-45.0,-6.01838685621003,19.0,-13.0,64.0,-6.98161314378997,0.5154633959389449,0.03278372754779132,24.698178070456937
ss3_upper,D:\hp-laptop\USV\awr2944_sea_clutter_v02\simulation\stages\v02_dynamic_sea_truth\results\matlab\v02b_forward_seed101_hs1m\data\ss3_upper_seed101.h5,3,pcb_centroid_candidate,26,13.0,32,28.30075576600638,-2.250289338475528,8.0,-6.0,-20.30075576600638,-3.749710661524472,0.3889438418566609,0.04413022920628711,13.038404810405298
ss3_upper,D:\hp-laptop\USV\awr2944_sea_clutter_v02\simulation\stages\v02_dynamic_sea_truth\results\matlab\v02b_forward_seed101_hs1m\data\ss3_upper_seed101.h5,3,pcb_centroid_candidate,27,13.5,32,-6.34019174590991,-2.533471854691619,-43.0,-4.0,-36.65980825409009,-1.4665281453083812,0.2529354102500817,0.10493726997246335,51.03920062069938
ss3_upper,D:\hp-laptop\USV\awr2944_sea_clutter_v02\simulation\stages\v02_dynamic_sea_truth\results\matlab\v02b_forward_seed101_hs1m\data\ss3_upper_seed101.h5,3,pcb_centroid_candidate,28,14.0,32,54.46232220802562,-3.660223424923161,56.0,5.0,1.5376777919743816,8.66022342492316,0.31725307287530613,0.03506648588251196,99.40824915468535
ss3_upper,D:\hp-laptop\USV\awr2944_sea_clutter_v02\simulation\stages\v02_dynamic_sea_truth\results\matlab\v02b_forward_seed101_hs1m\data\ss3_upper_seed101.h5,3,pcb_centroid_candidate,29,14.5,32,30.96375653207352,-5.227300459900863,-12.0,19.0,-42.96375653207352,24.227300459900864,0.34665499605599337,0.052229281505400856,69.42621983083913
ss3_upper,D:\hp-laptop\USV\awr2944_sea_clutter_v02\simulation\stages\v02_dynamic_sea_truth\results\matlab\v02b_forward_seed101_hs1m\data\ss3_upper_seed101.h5,3,pcb_centroid_candidate,30,15.0,32,30.96375653207352,-4.956433200505612,4.0,-19.0,-26.96375653207352,-14.04356679949439,0.2799946342359296,0.02982039957713406,41.23105625617661
ss3_upper,D:\hp-laptop\USV\awr2944_sea_clutter_v02\simulation\stages\v02_dynamic_sea_truth\results\matlab\v02b_forward_seed101_hs1m\data\ss3_upper_seed101.h5,3,pcb_centroid_candidate,31,15.5,32,30.96375653207352,-4.520413168316566,38.0,-11.0,7.036243467926479,-6.479586831683434,0.3886520727893026,0.07098231151761099,34.92849839314596
ss3_upper,D:\hp-laptop\USV\awr2944_sea_clutter_v02\simulation\stages\v02_dynamic_sea_truth\results\matlab\v02b_forward_seed101_hs1m\data\ss3_upper_seed101.h5,3,pcb_centroid_candidate,32,16.0,32,81.86989764584403,-3.656787347425271,-35.0,-1.0,-116.86989764584403,2.656787347425271,0.4147739748040678,0.05541788231756231,73.68174807915459
ss3_upper,D:\hp-laptop\USV\awr2944_sea_clutter_v02\simulation\stages\v02_dynamic_sea_truth\results\matlab\v02b_forward_seed101_hs1m\data\ss3_upper_seed101.h5,3,pcb_centroid_candidate,33,16.5,32,71.56505117707799,-8.707255011273386,-47.0,20.0,-118.56505117707799,28.707255011273386,0.5865236003272477,0.004706647166423906,24.186773244895647
ss3_upper,D:\hp-laptop\USV\awr2944_sea_clutter_v02\simulation\stages\v02_dynamic_sea_truth\results\matlab\v02b_forward_seed101_hs1m\data\ss3_upper_seed101.h5,3,pcb_centroid_candidate,34,17.0,32,-11.309932474020213,-6.601528663127093,-47.0,16.0,-35.690067525979785,22.60152866312709,0.30147066515645426,0.12467922926864555,4.0
ss3_upper,D:\hp-laptop\USV\awr2944_sea_clutter_v02\simulation\stages\v02_dynamic_sea_truth\results\matlab\v02b_forward_seed101_hs1m\data\ss3_upper_seed101.h5,3,pcb_centroid_candidate,35,17.5,32,-11.309932474020213,-8.137287118785814,-5.0,17.0,6.309932474020213,25.137287118785814,0.4580584456275638,0.07581123434303065,42.01190307520001
ss3_upper,D:\hp-laptop\USV\awr2944_sea_clutter_v02\simulation\stages\v02_dynamic_sea_truth\results\matlab\v02b_forward_seed101_hs1m\data\ss3_upper_seed101.h5,3,pcb_centroid_candidate,36,18.0,32,30.96375653207352,-5.446286127292582,-17.0,20.0,-47.96375653207352,25.44628612729258,0.3587956843568775,0.0499516677110232,12.36931687685298
ss3_upper,D:\hp-laptop\USV\awr2944_sea_clutter_v02\simulation\stages\v02_dynamic_sea_truth\results\matlab\v02b_forward_seed101_hs1m\data\ss3_upper_seed101.h5,3,pcb_centroid_candidate,37,18.5,32,-45.0,-5.442113622788615,7.0,-13.0,52.0,-7.557886377211385,0.3254741495660232,0.03940291775535531,40.80441152620633
ss3_upper,D:\hp-laptop\USV\awr2944_sea_clutter_v02\simulation\stages\v02_dynamic_sea_truth\results\matlab\v02b_forward_seed101_hs1m\data\ss3_upper_seed101.h5,3,pcb_centroid_candidate,38,19.0,32,-45.0,-5.807053988423918,34.0,2.0,79.0,7.807053988423918,0.413441621490401,0.04170450888297533,30.886890422961002
ss3_upper,D:\hp-laptop\USV\awr2944_sea_clutter_v02\simulation\stages\v02_dynamic_sea_truth\results\matlab\v02b_forward_seed101_hs1m\data\ss3_upper_seed101.h5,3,pcb_centroid_candidate,39,19.5,32,30.96375653207352,-4.068443571472981,-1.0,-3.0,-31.96375653207352,1.0684435714729812,0.3018934676841803,0.059164297976038276,35.35533905932738
ss3_upper,D:\hp-laptop\USV\awr2944_sea_clutter_v02\simulation\stages\v02_dynamic_sea_truth\results\matlab\v02b_forward_seed101_hs1m\data\ss3_upper_seed101.h5,3,pcb_centroid_candidate,40,20.0,32,-45.0,-14.265412782015098,-22.0,7.0,23.0,21.265412782015098,0.7197382971970667,0.034842726575421035,23.259406699226016
