case_id,frame,time_s,wind_speed_mps,wind_direction_deg,estimated_azimuth_deg,estimated_elevation_deg,peak_to_second_db,grid_dx_m,grid_dy_m,mean_abs_radial_velocity_mps,rms_radial_velocity_mps,doppler_min_hz,doppler_max_hz,illuminated_fraction,selected_facet_count
ss0_flat,0,0.0,0.0,90.0,34.0,-4.0,0.009935379738912368,1.0,1.0,0.0,0.0,0.0,0.0,1.0,48
ss0_flat,1,0.5,0.0,90.0,14.0,11.0,0.05320541308236433,1.0,1.0,0.0,0.0,0.0,0.0,1.0,48
ss0_flat,2,1.0,0.0,90.0,45.0,-13.0,0.025337795853704888,1.0,1.0,0.0,0.0,0.0,0.0,1.0,48
ss0_flat,3,1.5,0.0,90.0,34.0,-4.0,0.020520682464105666,1.0,1.0,0.0,0.0,0.0,0.0,1.0,48
ss0_flat,4,2.0,0.0,90.0,60.0,15.0,0.009876197042843506,1.0,1.0,0.0,0.0,0.0,0.0,1.0,48
ss0_flat,5,2.5,0.0,90.0,45.0,-13.0,0.006088702728449276,1.0,1.0,0.0,0.0,0.0,0.0,1.0,48
ss0_flat,6,3.0,0.0,90.0,53.0,-10.0,0.01426097017322999,1.0,1.0,0.0,0.0,0.0,0.0,1.0,48
ss0_flat,7,3.5,0.0,90.0,34.0,-4.0,0.01489794235594553,1.0,1.0,0.0,0.0,0.0,0.0,1.0,48
ss0_flat,8,4.0,0.0,90.0,46.0,-18.0,0.07098633952994296,1.0,1.0,0.0,0.0,0.0,0.0,1.0,48
ss0_flat,9,4.5,0.0,90.0,44.0,-10.0,0.003943149333657954,1.0,1.0,0.0,0.0,0.0,0.0,1.0,48
ss0_flat,10,5.0,0.0,90.0,-10.0,7.0,0.03202847091284058,1.0,1.0,0.0,0.0,0.0,0.0,1.0,48
ss0_flat,11,5.5,0.0,90.0,45.0,-13.0,0.03355289607080318,1.0,1.0,0.0,0.0,0.0,0.0,1.0,48
ss0_flat,12,6.0,0.0,90.0,-47.0,-12.0,0.08789161267610651,1.0,1.0,0.0,0.0,0.0,0.0,1.0,48
ss0_flat,13,6.5,0.0,90.0,46.0,2.0,0.023639994464033916,1.0,1.0,0.0,0.0,0.0,0.0,1.0,48
ss0_flat,14,7.0,0.0,90.0,46.0,2.0,0.016943716931683693,1.0,1.0,0.0,0.0,0.0,0.0,1.0,48
ss0_flat,15,7.5,0.0,90.0,45.0,-13.0,0.004912391521487186,1.0,1.0,0.0,0.0,0.0,0.0,1.0,48
ss0_flat,16,8.0,0.0,90.0,46.0,-18.0,0.04364655408218483,1.0,1.0,0.0,0.0,0.0,0.0,1.0,48
ss0_flat,17,8.5,0.0,90.0,45.0,-13.0,0.02490375446119728,1.0,1.0,0.0,0.0,0.0,0.0,1.0,48
ss0_flat,18,9.0,0.0,90.0,34.0,-4.0,0.01103789498947894,1.0,1.0,0.0,0.0,0.0,0.0,1.0,48
ss0_flat,19,9.5,0.0,90.0,46.0,-18.0,0.1307533445155971,1.0,1.0,0.0,0.0,0.0,0.0,1.0,48
ss0_flat,20,10.0,0.0,90.0,-31.0,4.0,0.011304939447544474,1.0,1.0,0.0,0.0,0.0,0.0,1.0,48
ss0_flat,21,10.5,0.0,90.0,45.0,-13.0,0.00035136885816463204,1.0,1.0,0.0,0.0,0.0,0.0,1.0,48
ss0_flat,22,11.0,0.0,90.0,34.0,-4.0,0.008724401144073973,1.0,1.0,0.0,0.0,0.0,0.0,1.0,48
ss0_flat,23,11.5,0.0,90.0,45.0,-13.0,0.002316558415538357,1.0,1.0,0.0,0.0,0.0,0.0,1.0,48
ss0_flat,24,12.0,0.0,90.0,53.0,-10.0,0.019062860069163745,1.0,1.0,0.0,0.0,0.0,0.0,1.0,48
ss0_flat,25,12.5,0.0,90.0,45.0,-13.0,0.02546574984765156,1.0,1.0,0.0,0.0,0.0,0.0,1.0,48
ss0_flat,26,13.0,0.0,90.0,45.0,-13.0,0.015103209921131407,1.0,1.0,0.0,0.0,0.0,0.0,1.0,48
ss0_flat,27,13.5,0.0,90.0,46.0,-18.0,0.07834426527369126,1.0,1.0,0.0,0.0,0.0,0.0,1.0,48
ss0_flat,28,14.0,0.0,90.0,53.0,-10.0,0.08851642365264747,1.0,1.0,0.0,0.0,0.0,0.0,1.0,48
ss0_flat,29,14.5,0.0,90.0,46.0,-18.0,0.0765903341042457,1.0,1.0,0.0,0.0,0.0,0.0,1.0,48
ss0_flat,30,15.0,0.0,90.0,34.0,-4.0,0.0247893464660593,1.0,1.0,0.0,0.0,0.0,0.0,1.0,48
ss0_flat,31,15.5,0.0,90.0,46.0,-18.0,0.08029656377285746,1.0,1.0,0.0,0.0,0.0,0.0,1.0,48
ss0_flat,32,16.0,0.0,90.0,46.0,-18.0,0.01032905603605239,1.0,1.0,0.0,0.0,0.0,0.0,1.0,48
ss0_flat,33,16.5,0.0,90.0,45.0,-13.0,0.02779008172056147,1.0,1.0,0.0,0.0,0.0,0.0,1.0,48
ss0_flat,34,17.0,0.0,90.0,45.0,-13.0,0.0057057630005789995,1.0,1.0,0.0,0.0,0.0,0.0,1.0,48
ss0_flat,35,17.5,0.0,90.0,46.0,-18.0,0.10746061911239674,1.0,1.0,0.0,0.0,0.0,0.0,1.0,48
ss0_flat,36,18.0,0.0,90.0,46.0,-18.0,0.030095491080754107,1.0,1.0,0.0,0.0,0.0,0.0,1.0,48
ss0_flat,37,18.5,0.0,90.0,53.0,-10.0,0.14990860267424394,1.0,1.0,0.0,0.0,0.0,0.0,1.0,48
ss0_flat,38,19.0,0.0,90.0,46.0,2.0,0.0036633884895647365,1.0,1.0,0.0,0.0,0.0,0.0,1.0,48
ss0_flat,39,19.5,0.0,90.0,46.0,2.0,0.01722500148388723,1.0,1.0,0.0,0.0,0.0,0.0,1.0,48
ss0_flat,40,20.0,0.0,90.0,46.0,-18.0,0.02012564430949011,1.0,1.0,0.0,0.0,0.0,0.0,1.0,48
ss1_rippled,0,0.0,2.6,90.0,-12.0,-5.0,0.056878686578200964,1.0,1.0,0.0,0.0,0.0,0.0,0.9392939293929393,48
ss1_rippled,1,0.5,2.6,90.0,-47.0,12.0,0.08093345365869094,1.0,1.0,0.0008048617696954679,0.0014346642433372455,-9.496054458715319,20.106673859037656,0.9375937593759376,48
ss1_rippled,2,1.0,2.6,90.0,-32.0,4.0,0.03116594497941039,1.0,1.0,0.0008065872313416653,0.001440502002182964,-15.525082554900488,14.483584966877677,0.9371937193719372,48
ss1_rippled,3,1.5,2.6,90.0,59.0,17.0,0.15813024097495035,1.0,1.0,0.0008039311002764369,0.0014321346396089837,-17.55861694550164,12.105389177529137,0.9387938793879388,48
ss1_rippled,4,2.0,2.6,90.0,0.0,9.0,0.0027366216401051914,1.0,1.0,0.0008087526593180059,0.0014480349167032855,-13.360972887156423,14.928423280884044,0.938993899389939,48
ss1_rippled,5,2.5,2.6,90.0,-29.0,10.0,0.011410127683817679,1.0,1.0,0.0007962416788646934,0.0013880659287382627,-12.24630721862583,11.949738127408501,0.9390939093909391,48
ss1_rippled,6,3.0,2.6,90.0,44.0,1.0,0.06384702080062751,1.0,1.0,0.0008021136702610192,0.0013894175384827282,-10.872819044786354,9.32348280705508,0.9366936693669367,48
ss1_rippled,7,3.5,2.6,90.0,-2.0,-5.0,0.007547330827697615,1.0,1.0,0.0008057849150438778,0.001429838846453922,-15.854884864905715,14.711738640212078,0.9381938193819382,48
ss1_rippled,8,4.0,2.6,90.0,-29.0,10.0,0.04889314694154831,1.0,1.0,0.000801371576631557,0.0014173902660408206,-12.137787349720487,17.222138339636082,0.9362936293629363,48
ss1_rippled,9,4.5,2.6,90.0,-40.0,-15.0,0.2551509920790292,1.0,1.0,0.0007957284111195852,0.0013659086129598455,-12.837071610982155,11.22107477479937,0.9386938693869387,48
ss1_rippled,10,5.0,2.6,90.0,-4.0,20.0,0.01819341587490265,1.0,1.0,0.0007994414415688489,0.0013590497410484747,-12.835167202179024,9.555585451946397,0.9345934593459346,48
ss1_rippled,11,5.5,2.6,90.0,-49.0,-14.0,0.07093134446000063,1.0,1.0,0.0007983828573255113,0.0013645352372511695,-11.231593004327582,9.854923368885622,0.9373937393739374,48
ss1_rippled,12,6.0,2.6,90.0,29.0,18.0,0.018343871209302746,1.0,1.0,0.0007984560027463261,0.0013584102939198969,-10.379532692212926,10.45951282801353,0.9358935893589359,48
ss1_rippled,13,6.5,2.6,90.0,-57.0,5.0,0.047951934557831005,1.0,1.0,0.0007971463428776642,0.0013418676682084192,-9.099638703756654,8.063919728172207,0.9366936693669367,48
ss1_rippled,14,7.0,2.6,90.0,-51.0,12.0,0.011097937992521838,1.0,1.0,0.0007997169635557831,0.0013415840254713109,-9.169255557784522,9.64307848036511,0.9382938293829383,48
ss1_rippled,15,7.5,2.6,90.0,-16.0,-15.0,0.08780065954512138,1.0,1.0,0.0007952796011702677,0.0013414188507222917,-12.15928729664262,8.491296870681474,0.9394939493949395,48
ss1_rippled,16,8.0,2.6,90.0,-19.0,-10.0,0.035586288749968074,1.0,1.0,0.0007926399774362392,0.001323066700051493,-7.286775684465899,9.451287513997162,0.9388938893889389,48
ss1_rippled,17,8.5,2.6,90.0,0.0,17.0,0.011898837341235702,1.0,1.0,0.0007914004265667815,0.0013191360326162515,-12.130155648410947,8.71607577660588,0.9360936093609361,48
ss1_rippled,18,9.0,2.6,90.0,26.0,0.0,0.0301162767955667,1.0,1.0,0.0007968080631113501,0.001358325758142374,-11.36210943563806,15.235201256746093,0.9345934593459346,48
ss1_rippled,19,9.5,2.6,90.0,13.0,-13.0,0.06871237603501096,1.0,1.0,0.0007935231327871913,0.0013507073353874722,-16.637341561191402,9.00433963733626,0.9396939693969397,48
ss1_rippled,20,10.0,2.6,90.0,-18.0,-16.0,0.03015939924604396,1.0,1.0,0.000794336844108214,0.0013147956009875446,-7.766058141377209,14.185681969139747,0.9381938193819382,48
ss1_rippled,21,10.5,2.6,90.0,50.0,-4.0,0.025485080959762752,1.0,1.0,0.0007945227502392972,0.0013243886712985733,-8.962583225596925,12.82266492822303,0.9385938593859386,48
ss1_rippled,22,11.0,2.6,90.0,-44.0,-12.0,0.1215328965779315,1.0,1.0,0.0007918310561457783,0.001351085434520471,-16.88239753436136,7.815867666291831,0.9356935693569357,48
ss1_rippled,23,11.5,2.6,90.0,9.0,-5.0,0.013357846083182048,1.0,1.0,0.0007906340342729238,0.0012880312778675894,-7.11509191096896,13.85407123220214,0.93999399939994,48
ss1_rippled,24,12.0,2.6,90.0,13.0,4.0,0.0822073011515082,1.0,1.0,0.0007895092756422418,0.001286228895889106,-8.646691545625684,9.456984342881311,0.9383938393839384,48
ss1_rippled,25,12.5,2.6,90.0,52.0,-5.0,0.13779723338219432,1.0,1.0,0.0007929678462168977,0.0013277926024891878,-15.682880851316117,6.602715888252188,0.9400940094009401,48
ss1_rippled,26,13.0,2.6,90.0,-24.0,12.0,0.05202895101084755,1.0,1.0,0.0007947895796618233,0.0013240401181707333,-9.703476012105051,9.43471486364877,0.9392939293929393,48
ss1_rippled,27,13.5,2.6,90.0,-39.0,-5.0,0.01296655761389752,1.0,1.0,0.0007978777865899044,0.0013319963968610362,-9.396326462546236,12.572263834901653,0.937993799379938,48
ss1_rippled,28,14.0,2.6,90.0,56.0,3.0,0.09138824719528227,1.0,1.0,0.0008039254633811775,0.0013500594211161236,-9.992025449317788,9.703068871636477,0.9374937493749375,48
ss1_rippled,29,14.5,2.6,90.0,14.0,-2.0,0.12856496402567127,1.0,1.0,0.0007994604020781738,0.0013585490325326989,-12.50480910011497,10.29231805152454,0.938993899389939,48
ss1_rippled,30,15.0,2.6,90.0,-53.0,-2.0,0.02962400283153388,1.0,1.0,0.0007983606930052271,0.001342718231020635,-11.926574504057024,8.054804655443155,0.9415941594159416,48
ss1_rippled,31,15.5,2.6,90.0,9.0,14.0,0.08999264643642986,1.0,1.0,0.0008005412763306969,0.00134703496680757,-10.355898936757342,9.340045024816332,0.9417941794179417,48
ss1_rippled,32,16.0,2.6,90.0,56.0,-3.0,0.08825843494660848,1.0,1.0,0.000805507413149916,0.0013734273399691516,-9.229591233292382,11.533287303401616,0.938993899389939,48
ss1_rippled,33,16.5,2.6,90.0,39.0,-2.0,0.010251512116775857,1.0,1.0,0.0008023251974738032,0.001362081398296546,-10.701552411906503,12.771628237609546,0.9381938193819382,48
ss1_rippled,34,17.0,2.6,90.0,-11.0,-2.0,0.03147841455097053,1.0,1.0,0.0008038581555343725,0.0014381431029005431,-13.773030791082789,8.634473845357812,0.9377937793779378,48
ss1_rippled,35,17.5,2.6,90.0,27.0,-16.0,0.021130521169122986,1.0,1.0,0.0008099297296623163,0.0014809943637830582,-18.576468952468023,13.76191544749347,0.9394939493949395,48
ss1_rippled,36,18.0,2.6,90.0,16.0,18.0,0.022907060496361153,1.0,1.0,0.0007971372206933579,0.0013943841745936625,-14.16584408958967,17.820469244944075,0.9367936793679368,48
ss1_rippled,37,18.5,2.6,90.0,0.0,14.0,0.06475735435670714,1.0,1.0,0.0008157322860872384,0.0015382278666053286,-18.609592360789012,13.414651201755062,0.9401940194019401,48
ss1_rippled,38,19.0,2.6,90.0,43.0,12.0,0.008700619481906886,1.0,1.0,0.0008142918909016068,0.0016025767412123546,-19.491521208606095,23.872411688851088,0.9371937193719372,48
ss1_rippled,39,19.5,2.6,90.0,-59.0,1.0,0.020090416398649415,1.0,1.0,0.000811356229071104,0.001464782466701127,-16.982421188882963,15.564252572434512,0.9377937793779378,48
ss1_rippled,40,20.0,2.6,90.0,-32.0,14.0,0.04596494107223023,1.0,1.0,0.0008171750731141686,0.0014987884559434987,-16.598275271748786,12.299480001088735,0.936993699369937,48
ss2_normal,0,0.0,4.6,90.0,-30.0,9.0,0.05289962731023234,1.0,1.0,0.0,0.0,0.0,0.0,0.6612661266126613,48
ss2_normal,1,0.5,4.6,90.0,10.0,-7.0,0.0381357350346154,1.0,1.0,0.004051344592246069,0.007209709818532034,-39.170995172282524,102.43999193751577,0.6574657465746575,48
ss2_normal,2,1.0,4.6,90.0,-27.0,16.0,0.012758969768616107,1.0,1.0,0.004117204790019151,0.007650056599796094,-70.67837617432492,67.36358194012527,0.6611661166116611,48
ss2_normal,3,1.5,4.6,90.0,-7.0,14.0,0.021315661985699706,1.0,1.0,0.003997927581810221,0.007274406327534401,-127.27819068802599,37.50611427143702,0.6566656665666567,48
ss2_normal,4,2.0,4.6,90.0,-8.0,16.0,0.007158836596265336,1.0,1.0,0.004027478680151001,0.007101977846789501,-55.890407308518405,67.34377923015565,0.6602660266026603,48
ss2_normal,5,2.5,4.6,90.0,42.0,3.0,0.005636524102017054,1.0,1.0,0.0039898007212700965,0.006631188616572956,-47.29994422934344,65.00220381573483,0.658965896589659,48
ss2_normal,6,3.0,4.6,90.0,-31.0,1.0,0.08576251361147005,1.0,1.0,0.0040243611070196065,0.006809258756065575,-60.435704442415506,31.832464123104273,0.6634663466346634,48
ss2_normal,7,3.5,4.6,90.0,57.0,-2.0,0.057505073306279936,1.0,1.0,0.004014107988647776,0.006615737268720001,-67.19529801918902,34.08828728227128,0.6647664766476648,48
ss2_normal,8,4.0,4.6,90.0,-44.0,-15.0,0.10476416295476972,1.0,1.0,0.0040241865901066735,0.006624261318167207,-38.070323961084476,64.09556179596223,0.6590659065906591,48
ss2_normal,9,4.5,4.6,90.0,16.0,4.0,0.045730884291677605,1.0,1.0,0.004004567920130098,0.0064186883672924,-29.824842947935565,45.106944201041216,0.6647664766476648,48
ss2_normal,10,5.0,4.6,90.0,47.0,16.0,0.1008430530302005,1.0,1.0,0.004023282128312936,0.006717286437678859,-54.124598540168826,58.630888721001895,0.6644664466446645,48
ss2_normal,11,5.5,4.6,90.0,31.0,6.0,0.010806900842516879,1.0,1.0,0.003975922651212944,0.006613897938293214,-55.92337249610627,48.26303128060405,0.6592659265926593,48
ss2_normal,12,6.0,4.6,90.0,-59.0,-18.0,0.03567944613399529,1.0,1.0,0.004009820309358296,0.006635881424357673,-67.12801375829643,35.62124969740961,0.6610661066106611,48
ss2_normal,13,6.5,4.6,90.0,-9.0,-11.0,0.018426537991470374,1.0,1.0,0.004030659713314109,0.006806859373510609,-63.539187070429676,39.135741912767905,0.6578657865786579,48
ss2_normal,14,7.0,4.6,90.0,-30.0,9.0,0.012560701740833041,1.0,1.0,0.004039065325560932,0.006605954219196271,-57.29984987200548,30.956492909729338,0.666966696669667,48
ss2_normal,15,7.5,4.6,90.0,24.0,-7.0,0.03855657808335271,1.0,1.0,0.004062763428746146,0.007200967701862759,-45.16612231262199,73.29411302975534,0.6594659465946595,48
ss2_normal,16,8.0,4.6,90.0,-27.0,14.0,0.0006414679627385301,1.0,1.0,0.004061040152241994,0.006682257101629491,-39.06986938811671,40.43589503807624,0.6613661366136614,48
ss2_normal,17,8.5,4.6,90.0,-25.0,0.0,0.003958282850378951,1.0,1.0,0.004080348606202223,0.007364062222607728,-87.10255944435974,29.050165501337222,0.6576657665766577,48
ss2_normal,18,9.0,4.6,90.0,35.0,20.0,0.01001700831861555,1.0,1.0,0.004110402099485966,0.007276553432337518,-74.91890825012912,28.935026511076114,0.6595659565956595,48
ss2_normal,19,9.5,4.6,90.0,51.0,-12.0,0.0025331541498832917,1.0,1.0,0.004038826019582178,0.007009641406163373,-43.70239195282596,61.20595040438847,0.6618661866186618,48
ss2_normal,20,10.0,4.6,90.0,22.0,18.0,0.06466452313760157,1.0,1.0,0.00406083487614649,0.0072228614220449915,-49.28220306528498,92.30879740435095,0.6632663266326633,48
ss2_normal,21,10.5,4.6,90.0,-3.0,12.0,0.012825667972816434,1.0,1.0,0.004012650516182158,0.006987598167636254,-60.17810251861814,48.39667270439917,0.6576657665766577,48
ss2_normal,22,11.0,4.6,90.0,31.0,6.0,0.0359679857087732,1.0,1.0,0.004103806899041453,0.008179470511702763,-148.41210685380938,33.91873922878957,0.6654665466546654,48
ss2_normal,23,11.5,4.6,90.0,-8.0,-5.0,0.04367284324541196,1.0,1.0,0.004028022117036091,0.00699847249275961,-61.68450681880366,73.29796121598422,0.6662666266626662,48
ss2_normal,24,12.0,4.6,90.0,48.0,17.0,0.03935999803267309,1.0,1.0,0.004070626851703923,0.007495455848252833,-49.33804141082795,96.07242711885375,0.6692669266926693,48
ss2_normal,25,12.5,4.6,90.0,52.0,3.0,0.02947476776707116,1.0,1.0,0.0040223051182189514,0.006862945370174162,-81.27887734174489,42.93216139606617,0.6594659465946595,48
ss2_normal,26,13.0,4.6,90.0,0.0,11.0,0.08819445505292292,1.0,1.0,0.004067833352597533,0.007474903891920227,-115.98358552234285,44.59339276888537,0.6601660166016602,48
ss2_normal,27,13.5,4.6,90.0,-28.0,-12.0,0.09256416913318236,1.0,1.0,0.0040157847001817465,0.0068831351978585024,-66.53172416888968,46.43072575468609,0.6677667766776678,48
ss2_normal,28,14.0,4.6,90.0,34.0,13.0,0.09611042992785994,1.0,1.0,0.004091334606308325,0.0072769143168416135,-57.371538832800155,74.54315491436012,0.664966496649665,48
ss2_normal,29,14.5,4.6,90.0,-59.0,-17.0,0.13835061367701632,1.0,1.0,0.0040458581269593,0.006814233898199754,-37.88847932786629,43.29890349242069,0.6594659465946595,48
ss2_normal,30,15.0,4.6,90.0,2.0,-5.0,0.1657119452056445,1.0,1.0,0.0040751023537554,0.007278875462194432,-85.30561497548291,38.156063334391504,0.6603660366036603,48
ss2_normal,31,15.5,4.6,90.0,26.0,11.0,0.03295600760295782,1.0,1.0,0.0040802004677733955,0.007214884386035893,-74.74021685184336,28.553617454766968,0.6621662166216622,48
ss2_normal,32,16.0,4.6,90.0,-4.0,-13.0,0.014337645673096996,1.0,1.0,0.004087897747127023,0.007186062740773796,-47.44337181292604,65.4724099159275,0.6661666166616662,48
ss2_normal,33,16.5,4.6,90.0,32.0,14.0,0.06668162566553047,1.0,1.0,0.0040542811250657285,0.007058089345832873,-49.276605397635144,75.12046105011461,0.6632663266326633,48
ss2_normal,34,17.0,4.6,90.0,-26.0,-20.0,0.14747531106598488,1.0,1.0,0.004066917055066619,0.0071897139912213085,-81.37720548043956,33.68142776206668,0.6585658565856586,48
ss2_normal,35,17.5,4.6,90.0,19.0,18.0,0.028929100537715816,1.0,1.0,0.004082070930518395,0.007528748208338263,-114.40065304418704,49.18256917017702,0.6587658765876587,48
ss2_normal,36,18.0,4.6,90.0,21.0,13.0,0.04647759654928647,1.0,1.0,0.00402188169294268,0.006849709030817487,-55.514997787362105,73.85104085044624,0.6605660566056606,48
ss2_normal,37,18.5,4.6,90.0,35.0,20.0,0.01177262601150109,1.0,1.0,0.004110232211171738,0.007245313461773584,-83.4193262939931,58.546039116180324,0.6584658465846585,48
ss2_normal,38,19.0,4.6,90.0,-40.0,-11.0,0.04610052840364414,1.0,1.0,0.004084394234676671,0.007457077423872896,-96.28129976881475,90.27513944308373,0.6628662866286629,48
ss2_normal,39,19.5,4.6,90.0,-30.0,9.0,0.030714903021640177,1.0,1.0,0.004061185592004773,0.00684881967571845,-66.82582791275745,57.82487381542825,0.6622662266226622,48
ss2_normal,40,20.0,4.6,90.0,59.0,-17.0,0.003951264907563507,1.0,1.0,0.004098776651581198,0.007150670928335468,-64.1295142734527,64.11146068203395,0.663066306630663,48
ss3_nominal,0,0.0,6.7,90.0,13.0,13.0,0.06359159379786695,1.0,1.0,0.0,0.0,0.0,0.0,0.577957795779578,48
ss3_nominal,1,0.5,6.7,90.0,58.0,-19.0,0.01845550933265374,1.0,1.0,0.01003344241855922,0.01686236958177047,-124.44528143182296,164.7838024473997,0.5783578357835784,48
ss3_nominal,2,1.0,6.7,90.0,-28.0,6.0,0.007302206907456411,1.0,1.0,0.010279653948501853,0.0191797305535763,-170.22800432781315,88.65072767186001,0.5783578357835784,48
ss3_nominal,3,1.5,6.7,90.0,2.0,4.0,0.001988715260166951,1.0,1.0,0.010050620636383121,0.018762236386247407,-280.06467855677346,72.86570762837785,0.5691569156915691,48
ss3_nominal,4,2.0,6.7,90.0,-9.0,-11.0,0.002509603926135017,1.0,1.0,0.010109363901226022,0.017725097070378247,-85.3257659635634,158.61060438866605,0.576957695769577,48
ss3_nominal,5,2.5,6.7,90.0,10.0,-9.0,0.0006114628841398074,1.0,1.0,0.01017673226629061,0.017741953688448293,-113.54753261028202,149.46930378024896,0.5774577457745774,48
ss3_nominal,6,3.0,6.7,90.0,45.0,2.0,0.36834823424639346,1.0,1.0,0.010005811207583391,0.017670094911840652,-172.15550269193898,59.05880058819315,0.5826582658265826,48
ss3_nominal,7,3.5,6.7,90.0,40.0,14.0,0.06756810404634724,1.0,1.0,0.010217213523001555,0.01851503611284824,-225.83332806173595,62.788144763267965,0.5787578757875788,48
ss3_nominal,8,4.0,6.7,90.0,56.0,-3.0,0.2020182586445658,1.0,1.0,0.010158570634377483,0.01832550603745679,-186.76183039339742,131.14138288263968,0.5732573257325733,48
ss3_nominal,9,4.5,6.7,90.0,-29.0,18.0,0.052052220801261526,1.0,1.0,0.010176793677353435,0.017470736155278613,-118.39586221879715,114.96844723794462,0.575057505750575,48
ss3_nominal,10,5.0,6.7,90.0,-16.0,-2.0,0.09663280698726373,1.0,1.0,0.010271924114476878,0.018662495256000916,-131.67520989956344,165.88865902573522,0.5753575357535754,48
ss3_nominal,11,5.5,6.7,90.0,-39.0,-19.0,0.11468319164821345,1.0,1.0,0.010190063167217042,0.017574293582100043,-140.8474975172751,87.59701354785062,0.5763576357635763,48
ss3_nominal,12,6.0,6.7,90.0,43.0,-16.0,0.06758264197832342,1.0,1.0,0.010165085736463407,0.019858696651987084,-324.85929688017035,71.22621231768836,0.5791579157915792,48
ss3_nominal,13,6.5,6.7,90.0,4.0,-20.0,0.036776942635807275,1.0,1.0,0.010291824115616476,0.021376738551452598,-287.7345883696054,73.17335925383364,0.5809580958095809,48
ss3_nominal,14,7.0,6.7,90.0,22.0,-2.0,0.01373881099717769,1.0,1.0,0.010244797403223734,0.01903065741007541,-170.95190281842525,139.06158645891526,0.5844584458445845,48
ss3_nominal,15,7.5,6.7,90.0,1.0,12.0,0.17068747196569892,1.0,1.0,0.010322252466129538,0.019740525187974686,-138.18178058663386,213.2102294423613,0.5809580958095809,48
ss3_nominal,16,8.0,6.7,90.0,55.0,19.0,0.058950769828846054,1.0,1.0,0.010164226228590185,0.017020612135271656,-104.25082337628733,74.42033822140239,0.5761576157615762,48
ss3_nominal,17,8.5,6.7,90.0,-44.0,1.0,0.011906647317697578,1.0,1.0,0.010417337531134687,0.022470598397367682,-369.9902991598976,66.45157422101464,0.5793579357935793,48
ss3_nominal,18,9.0,6.7,90.0,-47.0,6.0,0.0026725770594203304,1.0,1.0,0.010574999967294094,0.02217000152316395,-274.0293376693332,81.20742249938078,0.568956895689569,48
ss3_nominal,19,9.5,6.7,90.0,-32.0,-19.0,0.07677970528290015,1.0,1.0,0.010282864569334554,0.01982818849288925,-138.11040505747758,204.26287592035422,0.576957695769577,48
ss3_nominal,20,10.0,6.7,90.0,31.0,18.0,0.039250692615848834,1.0,1.0,0.010222057526956202,0.018543185317865963,-100.64386928296597,187.4031473178185,0.5872587258725872,48
ss3_nominal,21,10.5,6.7,90.0,41.0,12.0,0.042990858857001726,1.0,1.0,0.010041407444525545,0.017795833348156945,-186.66398166658817,108.29910484833606,0.5752575257525753,48
ss3_nominal,22,11.0,6.7,90.0,34.0,12.0,0.03676428163540155,1.0,1.0,0.01037438616314548,0.02314748279827197,-446.76367965076054,52.06431017502227,0.5778577857785778,48
ss3_nominal,23,11.5,6.7,90.0,-17.0,20.0,0.2116879883484771,1.0,1.0,0.0103201672579174,0.01923464812811244,-183.0094801762421,169.6565762163835,0.5822582258225822,48
ss3_nominal,24,12.0,6.7,90.0,0.0,-17.0,0.02396196676726898,1.0,1.0,0.010402043417994312,0.02049285196251803,-178.85345979289295,204.75811168829915,0.5846584658465847,48
ss3_nominal,25,12.5,6.7,90.0,-41.0,-7.0,0.08886383149844587,1.0,1.0,0.010227998982436924,0.017716938593605968,-123.0147240880164,98.67528855192701,0.5787578757875788,48
ss3_nominal,26,13.0,6.7,90.0,22.0,-11.0,0.038903070857977194,1.0,1.0,0.010264779893808206,0.019466372657103815,-254.44365810695788,98.39272264009546,0.5701570157015702,48
ss3_nominal,27,13.5,6.7,90.0,8.0,15.0,0.02076877573416147,1.0,1.0,0.010067167439784735,0.017399446799580904,-164.96769710583612,75.28700803842499,0.5728572857285729,48
ss3_nominal,28,14.0,6.7,90.0,42.0,3.0,0.06066057036260595,1.0,1.0,0.010301144174758069,0.018579132681147973,-164.83731021423137,136.64267297300478,0.5786578657865786,48
ss3_nominal,29,14.5,6.7,90.0,47.0,-6.0,0.004554057485565966,1.0,1.0,0.010150951188371877,0.01759090235900731,-125.84847985839656,82.07805423088867,0.5724572457245725,48
ss3_nominal,30,15.0,6.7,90.0,47.0,-1.0,0.05350258546407502,1.0,1.0,0.01030022841067823,0.019742163850472526,-315.88286881186514,82.28065828247284,0.5778577857785778,48
ss3_nominal,31,15.5,6.7,90.0,40.0,-9.0,0.0003303372526643801,1.0,1.0,0.010406595457323321,0.020111165978432946,-262.17134944097637,70.07557341920376,0.5848584858485849,48
ss3_nominal,32,16.0,6.7,90.0,35.0,-3.0,0.014430130402786944,1.0,1.0,0.010147822570407632,0.018159920387314822,-120.83360839775064,161.89584287229093,0.5824582458245825,48
ss3_nominal,33,16.5,6.7,90.0,-17.0,-14.0,0.0046756689144470745,1.0,1.0,0.010222977441210432,0.01771548641427137,-116.56530935836479,144.59480879062352,0.5751575157515751,48
ss3_nominal,34,17.0,6.7,90.0,-29.0,-18.0,0.052666152434255376,1.0,1.0,0.010147712541838728,0.018352515701157212,-187.55911117755298,78.51027833042008,0.5723572357235723,48
ss3_nominal,35,17.5,6.7,90.0,7.0,-4.0,0.2414540056785296,1.0,1.0,0.01036446806034778,0.020322215522794736,-318.72329326679403,73.08234913474479,0.5752575257525753,48
ss3_nominal,36,18.0,6.7,90.0,56.0,-3.0,0.08593363679834426,1.0,1.0,0.01021389278639185,0.01843468483193593,-244.697639242845,85.38800181555328,0.5736573657365737,48
ss3_nominal,37,18.5,6.7,90.0,-3.0,-12.0,0.026896513249409174,1.0,1.0,0.01030627601534081,0.01896317184281357,-226.58073001885765,103.84114589567098,0.5754575457545754,48
ss3_nominal,38,19.0,6.7,90.0,-53.0,8.0,0.06038913404026316,1.0,1.0,0.010238593707107226,0.018263284095651183,-110.10303088760791,235.38016593000955,0.5834583458345834,48
ss3_nominal,39,19.5,6.7,90.0,8.0,11.0,0.038237512342558344,1.0,1.0,0.010269894015456324,0.01787028917396586,-183.7912045532664,117.63915751466354,0.57995799579958,48
ss3_nominal,40,20.0,6.7,90.0,-52.0,-3.0,0.08132167617596628,1.0,1.0,0.01023736170506943,0.018134429806056025,-225.43902822339362,86.13114457607799,0.5824582458245825,48
ss3_upper,0,0.0,6.7,90.0,43.0,14.0,0.11861673428710554,1.0,1.0,0.0,0.0,0.0,0.0,0.5658565856585659,48
ss3_upper,1,0.5,6.7,90.0,11.0,-15.0,0.050629616657270116,1.0,1.0,0.011786059300110962,0.019960337139128623,-149.87177229372253,180.32603214500676,0.5683568356835683,48
ss3_upper,2,1.0,6.7,90.0,-32.0,15.0,0.021307030621125787,1.0,1.0,0.012092967862632798,0.022903054260460548,-208.61359619147473,100.71240113071329,0.5666566656665667,48
ss3_upper,3,1.5,6.7,90.0,59.0,-17.0,0.11753586201694234,1.0,1.0,0.01182669328743067,0.022522184089017124,-339.5165854512365,85.25981182390933,0.5598559855985599,48
ss3_upper,4,2.0,6.7,90.0,-14.0,11.0,0.02115813532779775,1.0,1.0,0.011880038467128592,0.0210260452644913,-106.25945120956425,183.1755721810448,0.5666566656665667,48
ss3_upper,5,2.5,6.7,90.0,45.0,-17.0,0.021606938766294673,1.0,1.0,0.011973149510075068,0.021056172806649544,-140.17645473646425,165.70421640932156,0.5677567756775678,48
ss3_upper,6,3.0,6.7,90.0,-47.0,16.0,0.15012178727735487,1.0,1.0,0.011779453491498816,0.02115030579201676,-210.93426546686533,64.96756158451396,0.5721572157215722,48
ss3_upper,7,3.5,6.7,90.0,-18.0,4.0,0.023457334067304117,1.0,1.0,0.01201747516065906,0.022151335466916697,-270.2155717776195,68.98564033087604,0.5682568256825683,48
ss3_upper,8,4.0,6.7,90.0,-29.0,-10.0,0.01235047980242452,1.0,1.0,0.011947907428797113,0.021867513258425425,-228.26789393000337,147.21818456847075,0.5632563256325632,48
ss3_upper,9,4.5,6.7,90.0,-26.0,-20.0,0.06345257287272467,1.0,1.0,0.01197692105447899,0.02082178208514891,-146.80369249461057,133.83203574547778,0.5645564556455646,48
ss3_upper,10,5.0,6.7,90.0,3.0,12.0,0.054074526362645516,1.0,1.0,0.012082909411553041,0.022067060595374378,-160.28949016732776,183.83337752778186,0.564056405640564,48
ss3_upper,11,5.5,6.7,90.0,13.0,12.0,0.0723262346584925,1.0,1.0,0.01196892165482538,0.020800570105593406,-170.78730486508556,84.56024462704416,0.5643564356435643,48
ss3_upper,12,6.0,6.7,90.0,6.0,-7.0,0.05799691456775202,1.0,1.0,0.011945278043518795,0.023672965644606966,-393.0034432633838,81.06343927205725,0.5683568356835683,48
ss3_upper,13,6.5,6.7,90.0,0.0,-11.0,0.03860559953792773,1.0,1.0,0.012114395907270262,0.025724199312104814,-351.38467079278433,80.91765696747548,0.5713571357135714,48
ss3_upper,14,7.0,6.7,90.0,-24.0,-13.0,0.09444828654222961,1.0,1.0,0.012068323878439308,0.02287235724303286,-213.13532195280268,167.55991447220808,0.5735573557355735,48
ss3_upper,15,7.5,6.7,90.0,-32.0,-4.0,0.08072064763247311,1.0,1.0,0.012126024953686644,0.02313485477763044,-170.72591322789637,229.58266671852903,0.5692569256925692,48
ss3_upper,16,8.0,6.7,90.0,-58.0,-13.0,0.0009087747751272397,1.0,1.0,0.011927560995860608,0.02004520923343338,-125.40050891346678,77.65375110867653,0.5645564556455646,48
ss3_upper,17,8.5,6.7,90.0,-2.0,-20.0,0.030104710813747892,1.0,1.0,0.012260329522728004,0.02689647175085912,-448.9462230967249,76.21041256910041,0.5693569356935694,48
ss3_upper,18,9.0,6.7,90.0,-30.0,4.0,0.10289686466892384,1.0,1.0,0.012475908332065192,0.026824983584357864,-338.80414662166675,95.38182804955787,0.5588558855885588,48
ss3_upper,19,9.5,6.7,90.0,52.0,3.0,0.08959891732744635,1.0,1.0,0.012110984243734633,0.023672170469579153,-168.95485323225125,237.69066165332862,0.5658565856585659,48
ss3_upper,20,10.0,6.7,90.0,-50.0,2.0,0.0034071936405102162,1.0,1.0,0.011987863185579884,0.02163577093808507,-124.506937935532,194.51657866997053,0.5752575257525753,48
ss3_upper,21,10.5,6.7,90.0,4.0,-4.0,0.030107255881316252,1.0,1.0,0.011774246793845195,0.020968247511843525,-224.81412190672557,122.29710631843946,0.5665566556655666,48
ss3_upper,22,11.0,6.7,90.0,41.0,3.0,0.2587824605046769,1.0,1.0,0.012201272549668624,0.02779811375619159,-544.1249499999733,59.0901111879836,0.5666566656665667,48
ss3_upper,23,11.5,6.7,90.0,-31.0,18.0,0.07614424508203851,1.0,1.0,0.01215719077510394,0.0230135128833418,-223.74101159019295,198.2155748640189,0.5734573457345734,48
ss3_upper,24,12.0,6.7,90.0,8.0,-1.0,0.026380793463997163,1.0,1.0,0.012253539421619154,0.02442658420442431,-221.6562985548359,221.27195041193954,0.5738573857385738,48
ss3_upper,25,12.5,6.7,90.0,-57.0,-6.0,0.008033406017795912,1.0,1.0,0.012030875776834638,0.02107580989826794,-147.3913611624658,116.10234958403274,0.5674567456745675,48
ss3_upper,26,13.0,6.7,90.0,3.0,12.0,0.04783642365237474,1.0,1.0,0.012061889334535102,0.023173704666418382,-305.22397750114874,109.77895670050711,0.5584558455845584,48
ss3_upper,27,13.5,6.7,90.0,-44.0,17.0,0.020406007128089838,1.0,1.0,0.011834899202599447,0.020718025661261047,-201.23577689760958,85.60629070185456,0.5614561456145615,48
ss3_upper,28,14.0,6.7,90.0,8.0,11.0,0.06734288920675141,1.0,1.0,0.012111388189583759,0.022091146207306223,-203.71955443515185,157.77622455709255,0.5683568356835683,48
ss3_upper,29,14.5,6.7,90.0,32.0,18.0,0.022640365324372233,1.0,1.0,0.011939018366465234,0.02092221369630368,-156.88975404447268,91.32234346533753,0.561956195619562,48
ss3_upper,30,15.0,6.7,90.0,-14.0,-7.0,0.011735832430518862,1.0,1.0,0.012132616262355778,0.023715360464327824,-394.75204276509515,93.64802773564908,0.5665566556655666,48
ss3_upper,31,15.5,6.7,90.0,0.0,14.0,0.00907628297803295,1.0,1.0,0.012264117211885165,0.02420429041631206,-325.5322796768189,84.55853483563169,0.5739573957395739,48
ss3_upper,32,16.0,6.7,90.0,4.0,20.0,0.10987436180903318,1.0,1.0,0.011926767614013402,0.02154315116017357,-148.0384506764798,192.52071639206534,0.5726572657265726,48
ss3_upper,33,16.5,6.7,90.0,-31.0,-18.0,0.01140302364658883,1.0,1.0,0.01199463605903704,0.0208134464545721,-143.01315795627275,162.1318511836991,0.5635563556355636,48
ss3_upper,34,17.0,6.7,90.0,15.0,1.0,0.0809996673429825,1.0,1.0,0.01193257238639223,0.021874632703739717,-232.52827280720217,85.11083590704236,0.5616561656165616,48
ss3_upper,35,17.5,6.7,90.0,53.0,-8.0,0.062306356998527705,1.0,1.0,0.012203205074110912,0.02439888423642577,-391.2092347741285,84.93399790058864,0.5628562856285628,48
ss3_upper,36,18.0,6.7,90.0,59.0,-20.0,0.08459632902426062,1.0,1.0,0.012022956163901569,0.022034242945527728,-296.6832789530086,99.6604017520396,0.5610561056105611,48
ss3_upper,37,18.5,6.7,90.0,0.0,14.0,0.052649566026685884,1.0,1.0,0.012130184366935949,0.02268942577627144,-275.19916313928024,120.57623230719202,0.562956295629563,48
ss3_upper,38,19.0,6.7,90.0,0.0,-3.0,0.0015046693601825113,1.0,1.0,0.012038624523108646,0.021628481822943895,-133.13674845026048,271.4369618266111,0.5711571157115711,48
ss3_upper,39,19.5,6.7,90.0,13.0,4.0,0.04679505716098728,1.0,1.0,0.012081915220171468,0.021241302026760722,-221.95227192618543,124.62807332302361,0.5703570357035703,48
ss3_upper,40,20.0,6.7,90.0,1.0,-20.0,0.013759542728835727,1.0,1.0,0.012030901215326245,0.02155572430334649,-277.1878213391948,86.8619288037033,0.5717571757175718,48
