case_id,scenario_id,target_snr_db,pfa,target_range_truth_m,target_velocity_truth_mps,target_rcs_m2,frames,detection_probability,mean_false_alarms_per_frame,target_azimuth_rmse_deg,target_elevation_rmse_deg,mean_target_amplitude,calibration_status,target_range_bin_m,target_velocity_bin_mps,mean_clutter_to_training_db,max_clutter_to_training_db
ss2_normal,v-0.6_snr0_pfa0.01,0.0,0.01,20.0,-0.6,1.0,41,0.0,0.0,,,0.2909645045002773,awaiting_dca1000_reference_capture,19.32256076953125,-0.6083450852272727,-25.430140681383087,-8.729681968688965
ss2_normal,v-0.6_snr0_pfa0.001,0.0,0.001,20.0,-0.6,1.0,41,0.0,0.0,,,0.2909645045002773,awaiting_dca1000_reference_capture,19.32256076953125,-0.6083450852272727,-25.430140681383087,-8.729681968688965
ss2_normal,v-0.6_snr5_pfa0.01,5.0,0.01,20.0,-0.6,1.0,41,0.0,0.0,,,0.5174161874050205,awaiting_dca1000_reference_capture,19.32256076953125,-0.6083450852272727,-25.430140681383087,-8.729681968688965
ss2_normal,v-0.6_snr5_pfa0.001,5.0,0.001,20.0,-0.6,1.0,41,0.0,0.0,,,0.5174161874050205,awaiting_dca1000_reference_capture,19.32256076953125,-0.6083450852272727,-25.430140681383087,-8.729681968688965
ss2_normal,v-0.6_snr10_pfa0.01,10.0,0.01,20.0,-0.6,1.0,41,1.0,0.0,0.0,0.0,0.9201105524831886,awaiting_dca1000_reference_capture,19.32256076953125,-0.6083450852272727,-25.430140681383087,-8.729681968688965
ss2_normal,v-0.6_snr10_pfa0.001,10.0,0.001,20.0,-0.6,1.0,41,1.0,0.0,0.0,0.0,0.9201105524831886,awaiting_dca1000_reference_capture,19.32256076953125,-0.6083450852272727,-25.430140681383087,-8.729681968688965
ss2_normal,v-0.6_snr15_pfa0.01,15.0,0.01,20.0,-0.6,1.0,41,1.0,0.0,0.0,0.0,1.6362136504403921,awaiting_dca1000_reference_capture,19.32256076953125,-0.6083450852272727,-25.430140681383087,-8.729681968688965
ss2_normal,v-0.6_snr15_pfa0.001,15.0,0.001,20.0,-0.6,1.0,41,1.0,0.0,0.0,0.0,1.6362136504403921,awaiting_dca1000_reference_capture,19.32256076953125,-0.6083450852272727,-25.430140681383087,-8.729681968688965
ss2_normal,v-0.3_snr0_pfa0.01,0.0,0.01,20.0,-0.3,1.0,41,0.0,0.0,,,0.27478387929533554,awaiting_dca1000_reference_capture,19.32256076953125,-0.30417254261363635,-3.331118908619917,0.3640078902244568
ss2_normal,v-0.3_snr0_pfa0.001,0.0,0.001,20.0,-0.3,1.0,41,0.0,0.0,,,0.27478387929533554,awaiting_dca1000_reference_capture,19.32256076953125,-0.30417254261363635,-3.331118908619917,0.3640078902244568
ss2_normal,v-0.3_snr5_pfa0.01,5.0,0.01,20.0,-0.3,1.0,41,0.0975609756097561,0.0,22.594247055390007,1.0,0.4886425147615158,awaiting_dca1000_reference_capture,19.32256076953125,-0.30417254261363635,-3.331118908619917,0.3640078902244568
ss2_normal,v-0.3_snr5_pfa0.001,5.0,0.001,20.0,-0.3,1.0,41,0.0,0.0,,,0.4886425147615158,awaiting_dca1000_reference_capture,19.32256076953125,-0.30417254261363635,-3.331118908619917,0.3640078902244568
ss2_normal,v-0.3_snr10_pfa0.01,10.0,0.01,20.0,-0.3,1.0,41,1.0,0.0,2.9673014758835152,0.0,0.8689429228700439,awaiting_dca1000_reference_capture,19.32256076953125,-0.30417254261363635,-3.331118908619917,0.3640078902244568
ss2_normal,v-0.3_snr10_pfa0.001,10.0,0.001,20.0,-0.3,1.0,41,1.0,0.0,2.9673014758835152,0.0,0.8689429228700439,awaiting_dca1000_reference_capture,19.32256076953125,-0.30417254261363635,-3.331118908619917,0.3640078902244568
ss2_normal,v-0.3_snr15_pfa0.01,15.0,0.01,20.0,-0.3,1.0,41,1.0,0.0,0.0,0.0,1.545223308238839,awaiting_dca1000_reference_capture,19.32256076953125,-0.30417254261363635,-3.331118908619917,0.3640078902244568
ss2_normal,v-0.3_snr15_pfa0.001,15.0,0.001,20.0,-0.3,1.0,41,1.0,0.0,0.0,0.0,1.545223308238839,awaiting_dca1000_reference_capture,19.32256076953125,-0.30417254261363635,-3.331118908619917,0.3640078902244568
ss2_normal,v0_snr0_pfa0.01,0.0,0.01,20.0,0.0,1.0,41,0.0,0.0,,,0.27030763170945027,awaiting_dca1000_reference_capture,19.32256076953125,0.0,1.5181091634965524,2.388911724090576
ss2_normal,v0_snr0_pfa0.001,0.0,0.001,20.0,0.0,1.0,41,0.0,0.0,,,0.27030763170945027,awaiting_dca1000_reference_capture,19.32256076953125,0.0,1.5181091634965524,2.388911724090576
ss2_normal,v0_snr5_pfa0.01,5.0,0.01,20.0,0.0,1.0,41,0.6829268292682927,0.0,16.608947674586215,4.044396476254876,0.4806824958452997,awaiting_dca1000_reference_capture,19.32256076953125,0.0,1.5181091634965524,2.388911724090576
ss2_normal,v0_snr5_pfa0.001,5.0,0.001,20.0,0.0,1.0,41,0.0,0.0,,,0.4806824958452997,awaiting_dca1000_reference_capture,19.32256076953125,0.0,1.5181091634965524,2.388911724090576
ss2_normal,v0_snr10_pfa0.01,10.0,0.01,20.0,0.0,1.0,41,1.0,0.0,6.332263495434295,1.1043152607484654,0.8547877851278165,awaiting_dca1000_reference_capture,19.32256076953125,0.0,1.5181091634965524,2.388911724090576
ss2_normal,v0_snr10_pfa0.001,10.0,0.001,20.0,0.0,1.0,41,1.0,0.0,6.332263495434295,1.1043152607484654,0.8547877851278165,awaiting_dca1000_reference_capture,19.32256076953125,0.0,1.5181091634965524,2.388911724090576
ss2_normal,v0_snr15_pfa0.01,15.0,0.01,20.0,0.0,1.0,41,1.0,0.0,0.0,0.0,1.5200515182455707,awaiting_dca1000_reference_capture,19.32256076953125,0.0,1.5181091634965524,2.388911724090576
ss2_normal,v0_snr15_pfa0.001,15.0,0.001,20.0,0.0,1.0,41,1.0,0.0,0.0,0.0,1.5200515182455707,awaiting_dca1000_reference_capture,19.32256076953125,0.0,1.5181091634965524,2.388911724090576
ss2_normal,v0.3_snr0_pfa0.01,0.0,0.01,20.0,0.3,1.0,41,0.0,0.0,,,0.27665993149067025,awaiting_dca1000_reference_capture,19.32256076953125,0.30417254261363635,-4.53075629036601,-0.893339991569519
ss2_normal,v0.3_snr0_pfa0.001,0.0,0.001,20.0,0.3,1.0,41,0.0,0.0,,,0.27665993149067025,awaiting_dca1000_reference_capture,19.32256076953125,0.30417254261363635,-4.53075629036601,-0.893339991569519
ss2_normal,v0.3_snr5_pfa0.01,5.0,0.01,20.0,0.3,1.0,41,0.024390243902439025,0.0,0.0,0.0,0.49197865975263777,awaiting_dca1000_reference_capture,19.32256076953125,0.30417254261363635,-4.53075629036601,-0.893339991569519
ss2_normal,v0.3_snr5_pfa0.001,5.0,0.001,20.0,0.3,1.0,41,0.0,0.0,,,0.49197865975263777,awaiting_dca1000_reference_capture,19.32256076953125,0.30417254261363635,-4.53075629036601,-0.893339991569519
ss2_normal,v0.3_snr10_pfa0.01,10.0,0.01,20.0,0.3,1.0,41,1.0,0.0,0.0,0.0,0.874875520816661,awaiting_dca1000_reference_capture,19.32256076953125,0.30417254261363635,-4.53075629036601,-0.893339991569519
ss2_normal,v0.3_snr10_pfa0.001,10.0,0.001,20.0,0.3,1.0,41,1.0,0.0,0.0,0.0,0.874875520816661,awaiting_dca1000_reference_capture,19.32256076953125,0.30417254261363635,-4.53075629036601,-0.893339991569519
ss2_normal,v0.3_snr15_pfa0.01,15.0,0.01,20.0,0.3,1.0,41,1.0,0.0,0.0,0.0,1.5557731250153468,awaiting_dca1000_reference_capture,19.32256076953125,0.30417254261363635,-4.53075629036601,-0.893339991569519
ss2_normal,v0.3_snr15_pfa0.001,15.0,0.001,20.0,0.3,1.0,41,1.0,0.0,0.0,0.0,1.5557731250153468,awaiting_dca1000_reference_capture,19.32256076953125,0.30417254261363635,-4.53075629036601,-0.893339991569519
ss2_normal,v0.6_snr0_pfa0.01,0.0,0.01,20.0,0.6,1.0,41,0.0,0.0,,,0.2922779245941895,awaiting_dca1000_reference_capture,19.32256076953125,0.6083450852272727,-27.92212942169934,-13.75930404663086
ss2_normal,v0.6_snr0_pfa0.001,0.0,0.001,20.0,0.6,1.0,41,0.0,0.0,,,0.2922779245941895,awaiting_dca1000_reference_capture,19.32256076953125,0.6083450852272727,-27.92212942169934,-13.75930404663086
ss2_normal,v0.6_snr5_pfa0.01,5.0,0.01,20.0,0.6,1.0,41,0.0,0.0,,,0.5197518153147561,awaiting_dca1000_reference_capture,19.32256076953125,0.6083450852272727,-27.92212942169934,-13.75930404663086
ss2_normal,v0.6_snr5_pfa0.001,5.0,0.001,20.0,0.6,1.0,41,0.0,0.0,,,0.5197518153147561,awaiting_dca1000_reference_capture,19.32256076953125,0.6083450852272727,-27.92212942169934,-13.75930404663086
ss2_normal,v0.6_snr10_pfa0.01,10.0,0.01,20.0,0.6,1.0,41,1.0,0.0,0.0,0.0,0.9242639515045836,awaiting_dca1000_reference_capture,19.32256076953125,0.6083450852272727,-27.92212942169934,-13.75930404663086
ss2_normal,v0.6_snr10_pfa0.001,10.0,0.001,20.0,0.6,1.0,41,1.0,0.0,0.0,0.0,0.9242639515045836,awaiting_dca1000_reference_capture,19.32256076953125,0.6083450852272727,-27.92212942169934,-13.75930404663086
ss2_normal,v0.6_snr15_pfa0.01,15.0,0.01,20.0,0.6,1.0,41,1.0,0.0,0.0,0.0,1.6435995544018145,awaiting_dca1000_reference_capture,19.32256076953125,0.6083450852272727,-27.92212942169934,-13.75930404663086
ss2_normal,v0.6_snr15_pfa0.001,15.0,0.001,20.0,0.6,1.0,41,1.0,0.0,0.0,0.0,1.6435995544018145,awaiting_dca1000_reference_capture,19.32256076953125,0.6083450852272727,-27.92212942169934,-13.75930404663086
ss2_normal,v1_snr0_pfa0.01,0.0,0.01,20.0,1.0,1.0,41,0.0,0.0,,,0.26040843111943873,awaiting_dca1000_reference_capture,19.32256076953125,0.9125176278409091,-40.075038723829316,-32.19738006591797
ss2_normal,v1_snr0_pfa0.001,0.0,0.001,20.0,1.0,1.0,41,0.0,0.0,,,0.26040843111943873,awaiting_dca1000_reference_capture,19.32256076953125,0.9125176278409091,-40.075038723829316,-32.19738006591797
ss2_normal,v1_snr5_pfa0.01,5.0,0.01,20.0,1.0,1.0,41,0.0,0.0,,,0.463078951260237,awaiting_dca1000_reference_capture,19.32256076953125,0.9125176278409091,-40.075038723829316,-32.19738006591797
ss2_normal,v1_snr5_pfa0.001,5.0,0.001,20.0,1.0,1.0,41,0.0,0.0,,,0.463078951260237,awaiting_dca1000_reference_capture,19.32256076953125,0.9125176278409091,-40.075038723829316,-32.19738006591797
ss2_normal,v1_snr10_pfa0.01,10.0,0.01,20.0,1.0,1.0,41,1.0,0.0,0.0,0.0,0.8234837642484971,awaiting_dca1000_reference_capture,19.32256076953125,0.9125176278409091,-40.075038723829316,-32.19738006591797
ss2_normal,v1_snr10_pfa0.001,10.0,0.001,20.0,1.0,1.0,41,1.0,0.0,0.0,0.0,0.8234837642484971,awaiting_dca1000_reference_capture,19.32256076953125,0.9125176278409091,-40.075038723829316,-32.19738006591797
ss2_normal,v1_snr15_pfa0.01,15.0,0.01,20.0,1.0,1.0,41,1.0,0.0,0.0,0.0,1.4643842224644492,awaiting_dca1000_reference_capture,19.32256076953125,0.9125176278409091,-40.075038723829316,-32.19738006591797
ss2_normal,v1_snr15_pfa0.001,15.0,0.001,20.0,1.0,1.0,41,1.0,0.0,0.0,0.0,1.4643842224644492,awaiting_dca1000_reference_capture,19.32256076953125,0.9125176278409091,-40.075038723829316,-32.19738006591797
ss3_upper,v-0.6_snr0_pfa0.01,0.0,0.01,20.0,-0.6,1.0,41,0.0,0.2682926829268293,,,0.6417676457646758,awaiting_dca1000_reference_capture,19.32256076953125,-0.6083450852272727,-16.276187305406825,0.18415026366710663
ss3_upper,v-0.6_snr0_pfa0.001,0.0,0.001,20.0,-0.6,1.0,41,0.0,0.14634146341463414,,,0.6417676457646758,awaiting_dca1000_reference_capture,19.32256076953125,-0.6083450852272727,-16.276187305406825,0.18415026366710663
ss3_upper,v-0.6_snr5_pfa0.01,5.0,0.01,20.0,-0.6,1.0,41,0.024390243902439025,0.2682926829268293,0.0,0.0,1.141242190492476,awaiting_dca1000_reference_capture,19.32256076953125,-0.6083450852272727,-16.276187305406825,0.18415026366710663
ss3_upper,v-0.6_snr5_pfa0.001,5.0,0.001,20.0,-0.6,1.0,41,0.0,0.14634146341463414,,,1.141242190492476,awaiting_dca1000_reference_capture,19.32256076953125,-0.6083450852272727,-16.276187305406825,0.18415026366710663
ss3_upper,v-0.6_snr10_pfa0.01,10.0,0.01,20.0,-0.6,1.0,41,1.0,0.2682926829268293,0.0,0.0,2.0294474892204883,awaiting_dca1000_reference_capture,19.32256076953125,-0.6083450852272727,-16.276187305406825,0.18415026366710663
ss3_upper,v-0.6_snr10_pfa0.001,10.0,0.001,20.0,-0.6,1.0,41,1.0,0.14634146341463414,0.0,0.0,2.0294474892204883,awaiting_dca1000_reference_capture,19.32256076953125,-0.6083450852272727,-16.276187305406825,0.18415026366710663
ss3_upper,v-0.6_snr15_pfa0.01,15.0,0.01,20.0,-0.6,1.0,41,1.0,0.2682926829268293,0.0,0.0,3.608924683835984,awaiting_dca1000_reference_capture,19.32256076953125,-0.6083450852272727,-16.276187305406825,0.18415026366710663
ss3_upper,v-0.6_snr15_pfa0.001,15.0,0.001,20.0,-0.6,1.0,41,1.0,0.14634146341463414,0.0,0.0,3.608924683835984,awaiting_dca1000_reference_capture,19.32256076953125,-0.6083450852272727,-16.276187305406825,0.18415026366710663
ss3_upper,v-0.3_snr0_pfa0.01,0.0,0.01,20.0,-0.3,1.0,41,0.0,0.2682926829268293,,,0.6333367752479694,awaiting_dca1000_reference_capture,19.32256076953125,-0.30417254261363635,-5.864869103744263,-0.07249217480421066
ss3_upper,v-0.3_snr0_pfa0.001,0.0,0.001,20.0,-0.3,1.0,41,0.0,0.14634146341463414,,,0.6333367752479694,awaiting_dca1000_reference_capture,19.32256076953125,-0.30417254261363635,-5.864869103744263,-0.07249217480421066
ss3_upper,v-0.3_snr5_pfa0.01,5.0,0.01,20.0,-0.3,1.0,41,0.024390243902439025,0.2682926829268293,0.0,0.0,1.1262497470439132,awaiting_dca1000_reference_capture,19.32256076953125,-0.30417254261363635,-5.864869103744263,-0.07249217480421066
ss3_upper,v-0.3_snr5_pfa0.001,5.0,0.001,20.0,-0.3,1.0,41,0.0,0.14634146341463414,,,1.1262497470439132,awaiting_dca1000_reference_capture,19.32256076953125,-0.30417254261363635,-5.864869103744263,-0.07249217480421066
ss3_upper,v-0.3_snr10_pfa0.01,10.0,0.01,20.0,-0.3,1.0,41,1.0,0.2682926829268293,0.0,0.0,2.0027867357297353,awaiting_dca1000_reference_capture,19.32256076953125,-0.30417254261363635,-5.864869103744263,-0.07249217480421066
ss3_upper,v-0.3_snr10_pfa0.001,10.0,0.001,20.0,-0.3,1.0,41,1.0,0.14634146341463414,0.0,0.0,2.0027867357297353,awaiting_dca1000_reference_capture,19.32256076953125,-0.30417254261363635,-5.864869103744263,-0.07249217480421066
ss3_upper,v-0.3_snr15_pfa0.01,15.0,0.01,20.0,-0.3,1.0,41,1.0,0.2682926829268293,0.0,0.0,3.5615144148472546,awaiting_dca1000_reference_capture,19.32256076953125,-0.30417254261363635,-5.864869103744263,-0.07249217480421066
ss3_upper,v-0.3_snr15_pfa0.001,15.0,0.001,20.0,-0.3,1.0,41,1.0,0.14634146341463414,0.0,0.0,3.5615144148472546,awaiting_dca1000_reference_capture,19.32256076953125,-0.30417254261363635,-5.864869103744263,-0.07249217480421066
ss3_upper,v0_snr0_pfa0.01,0.0,0.01,20.0,0.0,1.0,41,0.0,0.2682926829268293,,,0.630738384568335,awaiting_dca1000_reference_capture,19.32256076953125,0.0,-3.388324715015365,1.6513957977294922
ss3_upper,v0_snr0_pfa0.001,0.0,0.001,20.0,0.0,1.0,41,0.0,0.14634146341463414,,,0.630738384568335,awaiting_dca1000_reference_capture,19.32256076953125,0.0,-3.388324715015365,1.6513957977294922
ss3_upper,v0_snr5_pfa0.01,5.0,0.01,20.0,0.0,1.0,41,0.1951219512195122,0.2682926829268293,0.0,0.0,1.1216290823990822,awaiting_dca1000_reference_capture,19.32256076953125,0.0,-3.388324715015365,1.6513957977294922
ss3_upper,v0_snr5_pfa0.001,5.0,0.001,20.0,0.0,1.0,41,0.0,0.14634146341463414,,,1.1216290823990822,awaiting_dca1000_reference_capture,19.32256076953125,0.0,-3.388324715015365,1.6513957977294922
ss3_upper,v0_snr10_pfa0.01,10.0,0.01,20.0,0.0,1.0,41,1.0,0.2682926829268293,0.0,0.0,1.994569902931138,awaiting_dca1000_reference_capture,19.32256076953125,0.0,-3.388324715015365,1.6513957977294922
ss3_upper,v0_snr10_pfa0.001,10.0,0.001,20.0,0.0,1.0,41,1.0,0.14634146341463414,0.0,0.0,1.994569902931138,awaiting_dca1000_reference_capture,19.32256076953125,0.0,-3.388324715015365,1.6513957977294922
ss3_upper,v0_snr15_pfa0.01,15.0,0.01,20.0,0.0,1.0,41,1.0,0.2682926829268293,0.0,0.0,3.5469025902657747,awaiting_dca1000_reference_capture,19.32256076953125,0.0,-3.388324715015365,1.6513957977294922
ss3_upper,v0_snr15_pfa0.001,15.0,0.001,20.0,0.0,1.0,41,1.0,0.14634146341463414,0.0,0.0,3.5469025902657747,awaiting_dca1000_reference_capture,19.32256076953125,0.0,-3.388324715015365,1.6513957977294922
ss3_upper,v0.3_snr0_pfa0.01,0.0,0.01,20.0,0.3,1.0,41,0.0,0.2682926829268293,,,0.6318223466117305,awaiting_dca1000_reference_capture,19.32256076953125,0.30417254261363635,-8.696272394460875,0.6571372747421265
ss3_upper,v0.3_snr0_pfa0.001,0.0,0.001,20.0,0.3,1.0,41,0.0,0.14634146341463414,,,0.6318223466117305,awaiting_dca1000_reference_capture,19.32256076953125,0.30417254261363635,-8.696272394460875,0.6571372747421265
ss3_upper,v0.3_snr5_pfa0.01,5.0,0.01,20.0,0.3,1.0,41,0.04878048780487805,0.2682926829268293,7.0710678118654755,3.5355339059327378,1.123556669782116,awaiting_dca1000_reference_capture,19.32256076953125,0.30417254261363635,-8.696272394460875,0.6571372747421265
ss3_upper,v0.3_snr5_pfa0.001,5.0,0.001,20.0,0.3,1.0,41,0.0,0.14634146341463414,,,1.123556669782116,awaiting_dca1000_reference_capture,19.32256076953125,0.30417254261363635,-8.696272394460875,0.6571372747421265
ss3_upper,v0.3_snr10_pfa0.01,10.0,0.01,20.0,0.3,1.0,41,1.0,0.2682926829268293,1.5617376188860606,0.7808688094430303,1.9979976918854379,awaiting_dca1000_reference_capture,19.32256076953125,0.30417254261363635,-8.696272394460875,0.6571372747421265
ss3_upper,v0.3_snr10_pfa0.001,10.0,0.001,20.0,0.3,1.0,41,1.0,0.14634146341463414,1.5617376188860606,0.7808688094430303,1.9979976918854379,awaiting_dca1000_reference_capture,19.32256076953125,0.30417254261363635,-8.696272394460875,0.6571372747421265
ss3_upper,v0.3_snr15_pfa0.01,15.0,0.01,20.0,0.3,1.0,41,1.0,0.2682926829268293,0.0,0.0,3.552998156785166,awaiting_dca1000_reference_capture,19.32256076953125,0.30417254261363635,-8.696272394460875,0.6571372747421265
ss3_upper,v0.3_snr15_pfa0.001,15.0,0.001,20.0,0.3,1.0,41,1.0,0.14634146341463414,0.0,0.0,3.552998156785166,awaiting_dca1000_reference_capture,19.32256076953125,0.30417254261363635,-8.696272394460875,0.6571372747421265
ss3_upper,v0.6_snr0_pfa0.01,0.0,0.01,20.0,0.6,1.0,41,0.0,0.2682926829268293,,,0.6267246885690906,awaiting_dca1000_reference_capture,19.32256076953125,0.6083450852272727,-25.294580075798965,-6.858832836151123
ss3_upper,v0.6_snr0_pfa0.001,0.0,0.001,20.0,0.6,1.0,41,0.0,0.14634146341463414,,,0.6267246885690906,awaiting_dca1000_reference_capture,19.32256076953125,0.6083450852272727,-25.294580075798965,-6.858832836151123
ss3_upper,v0.6_snr5_pfa0.01,5.0,0.01,20.0,0.6,1.0,41,0.0,0.2682926829268293,,,1.1144916094454702,awaiting_dca1000_reference_capture,19.32256076953125,0.6083450852272727,-25.294580075798965,-6.858832836151123
ss3_upper,v0.6_snr5_pfa0.001,5.0,0.001,20.0,0.6,1.0,41,0.0,0.14634146341463414,,,1.1144916094454702,awaiting_dca1000_reference_capture,19.32256076953125,0.6083450852272727,-25.294580075798965,-6.858832836151123
ss3_upper,v0.6_snr10_pfa0.01,10.0,0.01,20.0,0.6,1.0,41,1.0,0.2682926829268293,0.0,0.0,1.9818774817380203,awaiting_dca1000_reference_capture,19.32256076953125,0.6083450852272727,-25.294580075798965,-6.858832836151123
ss3_upper,v0.6_snr10_pfa0.001,10.0,0.001,20.0,0.6,1.0,41,1.0,0.14634146341463414,0.0,0.0,1.9818774817380203,awaiting_dca1000_reference_capture,19.32256076953125,0.6083450852272727,-25.294580075798965,-6.858832836151123
ss3_upper,v0.6_snr15_pfa0.01,15.0,0.01,20.0,0.6,1.0,41,1.0,0.2682926829268293,0.0,0.0,3.5243319189945126,awaiting_dca1000_reference_capture,19.32256076953125,0.6083450852272727,-25.294580075798965,-6.858832836151123
ss3_upper,v0.6_snr15_pfa0.001,15.0,0.001,20.0,0.6,1.0,41,1.0,0.14634146341463414,0.0,0.0,3.5243319189945126,awaiting_dca1000_reference_capture,19.32256076953125,0.6083450852272727,-25.294580075798965,-6.858832836151123
ss3_upper,v1_snr0_pfa0.01,0.0,0.01,20.0,1.0,1.0,41,0.0,0.2682926829268293,,,0.5345270668988906,awaiting_dca1000_reference_capture,19.32256076953125,0.9125176278409091,-39.973380065545804,-23.69261932373047
ss3_upper,v1_snr0_pfa0.001,0.0,0.001,20.0,1.0,1.0,41,0.0,0.14634146341463414,,,0.5345270668988906,awaiting_dca1000_reference_capture,19.32256076953125,0.9125176278409091,-39.973380065545804,-23.69261932373047
ss3_upper,v1_snr5_pfa0.01,5.0,0.01,20.0,1.0,1.0,41,0.0,0.2682926829268293,,,0.9505384771747949,awaiting_dca1000_reference_capture,19.32256076953125,0.9125176278409091,-39.973380065545804,-23.69261932373047
ss3_upper,v1_snr5_pfa0.001,5.0,0.001,20.0,1.0,1.0,41,0.0,0.14634146341463414,,,0.9505384771747949,awaiting_dca1000_reference_capture,19.32256076953125,0.9125176278409091,-39.973380065545804,-23.69261932373047
ss3_upper,v1_snr10_pfa0.01,10.0,0.01,20.0,1.0,1.0,41,1.0,0.2682926829268293,0.0,0.0,1.6903230024096905,awaiting_dca1000_reference_capture,19.32256076953125,0.9125176278409091,-39.973380065545804,-23.69261932373047
ss3_upper,v1_snr10_pfa0.001,10.0,0.001,20.0,1.0,1.0,41,1.0,0.14634146341463414,0.0,0.0,1.6903230024096905,awaiting_dca1000_reference_capture,19.32256076953125,0.9125176278409091,-39.973380065545804,-23.69261932373047
ss3_upper,v1_snr15_pfa0.01,15.0,0.01,20.0,1.0,1.0,41,1.0,0.2682926829268293,0.0,0.0,3.005866591500325,awaiting_dca1000_reference_capture,19.32256076953125,0.9125176278409091,-39.973380065545804,-23.69261932373047
ss3_upper,v1_snr15_pfa0.001,15.0,0.001,20.0,1.0,1.0,41,1.0,0.14634146341463414,0.0,0.0,3.005866591500325,awaiting_dca1000_reference_capture,19.32256076953125,0.9125176278409091,-39.973380065545804,-23.69261932373047
